{1275068,"Host_1275068",0.5,0.4995,[{"9e","2"},{"By","4"},{"GK","pl"},{"Ql","3"},{"nZ","2"},{"rs","IK"},{"w3","6"},{"wN","2"},{"o/","0"},{"P8","0"}]}.
{257501848,"Host_257501848",0.5,0.2493,[{"9e","2"},{"By","4"},{"GK","fR"},{"P8","1"},{"Ql","12"},{"nZ","2"},{"rs","4U"},{"w3","4"},{"o/","0"}]}.
{317303085,"Host_317303085",0.5,0.749,[{"9e","2"},{"By","4"},{"GK","pP"},{"Ql","13"},{"nZ","2"},{"rs","/M"},{"w3","9"},{"wN","2"},{"o/","0"},{"P8","0"}]}.
{3813386963,"Host_3813386963",0.5,0.4995,[{"9e","2"},{"By","4"},{"GK","ad"},{"Ql","3"},{"nZ","2"},{"rs","Gl"},{"w3","6"},{"wN","2"},{"o/","0"},{"P8","0"}]}.
{257390781,"Host_257390781",0.5,0.2493,[{"9e","2"},{"By","4"},{"GK","gr"},{"Ql","13"},{"nZ","2"},{"rs","o4"},{"w3","4"},{"o/","0"},{"P8","0"}]}.
{3231086370,"Host_3231086370",0.5,0.4995,[{"9e","2"},{"By","4"},{"GK","39"},{"Ql","3"},{"nZ","2"},{"rs","7q"},{"w3","6"},{"wN","2"},{"o/","0"},{"P8","0"}]}.
{564483506,"Host_564483506",0.5,0.2493,[{"9e","2"},{"By","4"},{"GK","Vv"},{"Ql","3"},{"nZ","2"},{"rs","zS"},{"w3","4"},{"wN","2"},{"o/","0"},{"P8","0"}]}.
{4820338068,"Host_4820338068",1,1,[{"9e","1"},{"By","2"},{"GK","ZO"},{"P8","1"},{"Ql","15"},{"nZ","3"},{"rs","mm"},{"w3","11"},{"o/","0"}]}.
{317470795,"Host_317470795",0.5,0.749,[{"9e","2"},{"By","4"},{"GK","wg"},{"Ql","13"},{"nZ","2"},{"rs","Yl"},{"w3","9"},{"wN","2"},{"o/","0"},{"P8","0"}]}.
{2625180748,"Host_2625180748",0.5,0.4995,[{"9e","2"},{"By","4"},{"GK","YM"},{"P8","1"},{"Ql","13"},{"nZ","2"},{"rs","jO"},{"w3","6"},{"o/","0"}]}.
{6565058,"Host_6565058",0.5,0.4995,[{"9e","2"},{"By","4"},{"GK","yc"},{"P8","1"},{"Ql","3"},{"nZ","2"},{"rs","cS"},{"w3","6"},{"o/","0"}]}.
{32060087,"Host_32060087",0.5,0.2493,[{"9e","2"},{"By","4"},{"GK","PB"},{"P8","1"},{"Ql","3"},{"nZ","2"},{"rs","wk"},{"w3","4"},{"o/","0"}]}.
{257502305,"Host_257502305",0.5,0.749,[{"9e","2"},{"By","4"},{"GK","o+"},{"P8","1"},{"Ql","13"},{"nZ","2"},{"rs","9U"},{"w3","9"},{"o/","0"}]}.
{682838,"Host_682838",0.5,0.4995,[{"9e","2"},{"By","4"},{"GK","cr"},{"Ql","3"},{"nZ","2"},{"rs","dz"},{"w3","6"},{"wN","2"},{"o/","0"},{"P8","0"}]}.
{854346175,"Host_854346175",0.5,0.4995,[{"9e","2"},{"By","4"},{"GK","Z1"},{"Ql","3"},{"nZ","2"},{"rs","1f"},{"w3","6"},{"wN","2"},{"o/","0"},{"P8","0"}]}.
{317468467,"Host_317468467",0.5,0.2493,[{"9e","2"},{"By","4"},{"GK","f8"},{"Ql","13"},{"nZ","2"},{"rs","95"},{"w3","4"},{"wN","2"},{"o/","0"},{"P8","0"}]}.
{4156962711,"Host_4156962711",0.25,0.2498,[{"9e","3"},{"By","3"},{"GK","A9"},{"Ql","3"},{"nZ","1"},{"rs","ik"},{"w3","5"},{"wN","2"},{"o/","0"},{"P8","0"}]}.
{6569551,"Host_6569551",0.5,0.4995,[{"9e","2"},{"By","4"},{"GK","fE"},{"P8","1"},{"Ql","3"},{"nZ","2"},{"rs","Oo"},{"w3","6"},{"o/","0"}]}.
{1987496950,"Host_1987496950",0.5,0.4995,[{"9e","2"},{"By","4"},{"GK","c+"},{"Ql","2"},{"nZ","2"},{"rs","a1"},{"w3","6"},{"wN","2"},{"o/","0"},{"P8","0"}]}.
{4302599449,"Host_4302599449",0.5,0.4995,[{"9e","2"},{"By","4"},{"GK","oG"},{"P8","1"},{"Ql","2"},{"nZ","2"},{"rs","kO"},{"w3","6"},{"o/","0"}]}.
{308239212,"Host_308239212",0.5,0.4995,[{"9e","2"},{"By","4"},{"GK","ra"},{"Ql","3"},{"nZ","2"},{"rs","+F"},{"w3","6"},{"wN","2"},{"o/","0"},{"P8","0"}]}.
{32065056,"Host_32065056",0.5,0.2493,[{"9e","2"},{"By","4"},{"GK","38"},{"P8","1"},{"Ql","2"},{"nZ","2"},{"rs","Vw"},{"w3","4"},{"o/","0"}]}.
{4302224596,"Host_4302224596",0.5,0.4995,[{"9e","2"},{"By","4"},{"GK","sr"},{"P8","1"},{"Ql","2"},{"nZ","2"},{"rs","LL"},{"w3","6"},{"o/","0"}]}.
{1324986,"Host_1324986",0.5,0.4995,[{"9e","2"},{"By","4"},{"GK","n7"},{"Ql","3"},{"nZ","2"},{"rs","8m"},{"w3","6"},{"wN","2"},{"o/","0"},{"P8","0"}]}.
{3924798080,"Host_3924798080",0.5,0.4995,[{"9e","2"},{"By","4"},{"GK","rB"},{"Ql","3"},{"nZ","2"},{"rs","kX"},{"w3","6"},{"wN","2"},{"o/","0"},{"P8","0"}]}.
{4302831885,"Host_4302831885",0.5,0.4995,[{"9e","2"},{"By","4"},{"GK","ko"},{"Ql","2"},{"nZ","2"},{"rs","1p"},{"w3","6"},{"wN","2"},{"o/","0"},{"P8","0"}]}.
{4153336080,"Host_4153336080",0.5,0.2493,[{"9e","2"},{"By","4"},{"GK","Ti"},{"Ql","3"},{"nZ","2"},{"rs","wk"},{"w3","4"},{"wN","2"},{"o/","0"},{"P8","0"}]}.
{351653584,"Host_351653584",0.5,0.4995,[{"9e","2"},{"By","4"},{"GK","fX"},{"Ql","13"},{"nZ","2"},{"rs","IN"},{"w3","6"},{"wN","2"},{"o/","0"},{"P8","0"}]}.
{4820359145,"Host_4820359145",1,1,[{"9e","1"},{"By","2"},{"GK","00"},{"P8","1"},{"Ql","15"},{"nZ","3"},{"rs","DM"},{"w3","11"},{"o/","0"}]}.
{4071761985,"Host_4071761985",0.5,0.4995,[{"9e","2"},{"By","4"},{"GK","Gq"},{"Ql","3"},{"nZ","2"},{"rs","GG"},{"w3","6"},{"wN","2"},{"o/","0"},{"P8","0"}]}.
{616325418,"Host_616325418",0.5,0.749,[{"9e","2"},{"By","4"},{"GK","1X"},{"Ql","13"},{"nZ","2"},{"rs","y0"},{"w3","9"},{"wN","2"},{"o/","0"},{"P8","0"}]}.
{1301832,"Host_1301832",0.5,0.4995,[{"9e","2"},{"By","4"},{"GK","aO"},{"Ql","3"},{"nZ","2"},{"rs","VF"},{"w3","6"},{"wN","2"},{"o/","0"},{"P8","0"}]}.
{337882802,"Host_337882802",0.5,0.2493,[{"9e","2"},{"By","4"},{"GK","nt"},{"P8","1"},{"Ql","2"},{"nZ","2"},{"rs","4A"},{"w3","4"},{"o/","0"}]}.
{182848115,"Host_182848115",0.5,0.2493,[{"9e","2"},{"By","4"},{"GK","YB"},{"Ql","3"},{"nZ","2"},{"rs","+O"},{"w3","4"},{"wN","2"},{"o/","0"},{"P8","0"}]}.
{4478515134,"Host_4478515134",0.5,0.4995,[{"9e","2"},{"By","4"},{"GK","md"},{"Ql","3"},{"nZ","2"},{"rs","jA"},{"w3","6"},{"wN","2"},{"o/","0"},{"P8","0"}]}.
{257347123,"Host_257347123",0.5,0.749,[{"9e","2"},{"By","4"},{"GK","6A"},{"Ql","13"},{"nZ","2"},{"rs","60"},{"w3","9"},{"wN","2"},{"o/","0"},{"P8","0"}]}.
{351642819,"Host_351642819",0.5,0.4995,[{"9e","2"},{"By","4"},{"GK","ii"},{"Ql","13"},{"nZ","2"},{"rs","8n"},{"w3","6"},{"wN","2"},{"o/","0"},{"P8","0"}]}.
{351652246,"Host_351652246",0.5,0.4995,[{"9e","2"},{"By","4"},{"GK","Yo"},{"Ql","13"},{"nZ","2"},{"rs","NH"},{"w3","6"},{"wN","2"},{"o/","0"},{"P8","0"}]}.
{905033,"Host_905033",0.5,0.4995,[{"9e","2"},{"By","4"},{"GK","/R"},{"P8","1"},{"Ql","3"},{"nZ","2"},{"rs","kX"},{"w3","6"},{"o/","0"}]}.
{1270767,"Host_1270767",0.5,0.2493,[{"9e","2"},{"By","4"},{"GK","gP"},{"P8","1"},{"Ql","3"},{"nZ","2"},{"rs","IK"},{"w3","4"},{"o/","0"}]}.
{3337839998,"Host_3337839998",0.25,0.2498,[{"9e","3"},{"By","3"},{"GK","Uq"},{"Ql","3"},{"nZ","1"},{"rs","BZ"},{"w3","5"},{"wN","2"},{"o/","0"},{"P8","0"}]}.
{1338590,"Host_1338590",0.5,0.4995,[{"9e","2"},{"By","4"},{"GK","Zw"},{"Ql","3"},{"nZ","2"},{"rs","Zf"},{"w3","6"},{"wN","2"},{"o/","0"},{"P8","0"}]}.
{2499809557,"Host_2499809557",0.5,0.4995,[{"9e","2"},{"By","4"},{"GK","Kw"},{"P8","1"},{"Ql","12"},{"nZ","2"},{"rs","nF"},{"w3","6"},{"o/","0"}]}.
{317808366,"Host_317808366",0.5,0.749,[{"9e","2"},{"By","4"},{"GK","nv"},{"P8","1"},{"Ql","13"},{"nZ","2"},{"rs","72"},{"w3","9"},{"o/","0"}]}.
{3996144384,"Host_3996144384",0.25,0.2498,[{"9e","3"},{"By","3"},{"GK","+r"},{"P8","1"},{"Ql","3"},{"nZ","1"},{"rs","YB"},{"w3","5"},{"o/","0"}]}.
{4156322293,"Host_4156322293",0.5,0.4995,[{"9e","2"},{"By","4"},{"GK","dJ"},{"Ql","3"},{"nZ","2"},{"rs","nN"},{"w3","6"},{"wN","2"},{"o/","0"},{"P8","0"}]}.
{4477653797,"Host_4477653797",0.5,0.4995,[{"9e","2"},{"By","4"},{"GK","8c"},{"Ql","3"},{"nZ","2"},{"rs","be"},{"w3","6"},{"wN","2"},{"o/","0"},{"P8","0"}]}.
{956430987,"Host_956430987",0.5,0.4995,[{"9e","2"},{"By","4"},{"GK","yS"},{"Ql","3"},{"nZ","2"},{"rs","1f"},{"w3","6"},{"wN","2"},{"o/","0"},{"P8","0"}]}.
{351636149,"Host_351636149",0.5,0.4995,[{"9e","2"},{"By","4"},{"GK","fi"},{"Ql","13"},{"nZ","2"},{"rs","c3"},{"w3","6"},{"wN","2"},{"o/","0"},{"P8","0"}]}.
{719863481,"Host_719863481",0.5,0.749,[{"9e","2"},{"By","4"},{"GK","0X"},{"Ql","13"},{"nZ","2"},{"rs","EH"},{"w3","9"},{"wN","2"},{"o/","0"},{"P8","0"}]}.
{332491824,"Host_332491824",0.5,0.2493,[{"9e","2"},{"By","4"},{"GK","sZ"},{"P8","1"},{"Ql","3"},{"nZ","2"},{"rs","M+"},{"w3","4"},{"o/","0"}]}.
{682415,"Host_682415",0.5,0.4995,[{"9e","2"},{"By","4"},{"GK","9a"},{"Ql","3"},{"nZ","2"},{"rs","bK"},{"w3","6"},{"wN","2"},{"o/","0"},{"P8","0"}]}.
{2754612660,"Host_2754612660",0.5,0.4995,[{"9e","2"},{"By","4"},{"GK","Lv"},{"Ql","3"},{"nZ","2"},{"rs","0b"},{"w3","6"},{"wN","2"},{"o/","0"},{"P8","0"}]}.
{2697953085,"Host_2697953085",0.5,0.2493,[{"9e","2"},{"By","4"},{"GK","xK"},{"P8","1"},{"Ql","3"},{"nZ","2"},{"rs","7D"},{"w3","4"},{"o/","0"}]}.
{317472718,"Host_317472718",0.5,0.749,[{"9e","2"},{"By","4"},{"GK","/u"},{"Ql","13"},{"nZ","2"},{"rs","/M"},{"w3","9"},{"wN","2"},{"o/","0"},{"P8","0"}]}.
{4820882444,"Host_4820882444",1,1,[{"9e","1"},{"By","2"},{"GK","X6"},{"P8","1"},{"Ql","14"},{"nZ","3"},{"rs","rb"},{"w3","11"},{"o/","0"}]}.
{167674627,"Host_167674627",0.5,0.4995,[{"9e","2"},{"By","4"},{"GK","3i"},{"P8","1"},{"Ql","13"},{"nZ","2"},{"rs","38"},{"w3","6"},{"o/","0"}]}.
{6226704737,"Host_6226704737",0.5,0.4995,[{"9e","2"},{"By","4"},{"GK","nG"},{"Ql","13"},{"nZ","2"},{"rs","ng"},{"w3","6"},{"wN","2"},{"o/","0"},{"P8","0"}]}.
{1326698,"Host_1326698",0.5,0.4995,[{"9e","2"},{"By","4"},{"GK","6D"},{"Ql","3"},{"nZ","2"},{"rs","MR"},{"w3","6"},{"wN","2"},{"o/","0"},{"P8","0"}]}.
{400611617,"Host_400611617",0.5,0.2493,[{"9e","2"},{"By","4"},{"GK","ZU"},{"Ql","3"},{"nZ","2"},{"rs","J5"},{"w3","4"},{"wN","2"},{"o/","0"},{"P8","0"}]}.
{336055581,"Host_336055581",0.5,0.2493,[{"9e","2"},{"By","4"},{"GK","V2"},{"Ql","3"},{"nZ","2"},{"rs","fj"},{"w3","4"},{"wN","2"},{"o/","0"},{"P8","0"}]}.
{988641,"Host_988641",0.5,0.4995,[{"9e","2"},{"By","4"},{"GK","hA"},{"P8","1"},{"Ql","3"},{"nZ","2"},{"rs","Br"},{"w3","6"},{"o/","0"}]}.
{1270700,"Host_1270700",0.5,0.4995,[{"9e","2"},{"By","4"},{"GK","e+"},{"Ql","2"},{"nZ","2"},{"rs","Vz"},{"w3","6"},{"wN","2"},{"o/","0"},{"P8","0"}]}.
{104729325,"Host_104729325",0.5,0.2493,[{"9e","2"},{"By","4"},{"GK","l3"},{"Ql","3"},{"nZ","2"},{"rs","Kh"},{"w3","4"},{"wN","2"},{"o/","0"},{"P8","0"}]}.
{1538070026,"Host_1538070026",0.5,0.4995,[{"9e","2"},{"By","4"},{"GK","Sc"},{"Ql","3"},{"nZ","2"},{"rs","MT"},{"w3","6"},{"wN","2"},{"o/","0"},{"P8","0"}]}.
{907398,"Host_907398",0.5,0.4995,[{"9e","2"},{"By","4"},{"GK","YU"},{"Ql","3"},{"nZ","2"},{"rs","NX"},{"w3","6"},{"wN","2"},{"o/","0"},{"P8","0"}]}.
{400426685,"Host_400426685",0.5,0.2493,[{"9e","2"},{"By","4"},{"GK","bt"},{"P8","1"},{"Ql","3"},{"nZ","2"},{"rs","nC"},{"w3","4"},{"o/","0"}]}.
{4246087853,"Host_4246087853",0.5,0.749,[{"9e","2"},{"By","4"},{"GK","lS"},{"Ql","13"},{"nZ","2"},{"rs","4z"},{"w3","9"},{"wN","2"},{"o/","0"},{"P8","0"}]}.
{3935488540,"Host_3935488540",0.5,0.4995,[{"9e","2"},{"By","4"},{"GK","/k"},{"Ql","13"},{"nZ","2"},{"rs","4F"},{"w3","6"},{"wN","2"},{"o/","0"},{"P8","0"}]}.
{337872643,"Host_337872643",0.5,0.2493,[{"9e","2"},{"By","4"},{"GK","Kd"},{"Ql","3"},{"nZ","2"},{"rs","4A"},{"w3","4"},{"wN","2"},{"o/","0"},{"P8","0"}]}.
{97983610,"Host_97983610",0.5,0.4995,[{"9e","2"},{"By","4"},{"GK","bt"},{"Ql","3"},{"nZ","2"},{"rs","MT"},{"w3","6"},{"wN","2"},{"o/","0"},{"P8","0"}]}.
{789567289,"Host_789567289",0.5,0.4995,[{"9e","2"},{"By","4"},{"GK","lA"},{"P8","1"},{"Ql","3"},{"nZ","2"},{"rs","0b"},{"w3","6"},{"o/","0"}]}.
{431073236,"Host_431073236",0.5,0.4995,[{"9e","2"},{"By","4"},{"GK","i8"},{"Ql","13"},{"nZ","2"},{"rs","NH"},{"w3","6"},{"wN","2"},{"o/","0"},{"P8","0"}]}.
{336038441,"Host_336038441",0.5,0.2493,[{"9e","2"},{"By","4"},{"GK","Gr"},{"P8","1"},{"Ql","3"},{"nZ","2"},{"rs","Mp"},{"w3","4"},{"o/","0"}]}.
{6566735,"Host_6566735",0.5,0.2493,[{"9e","2"},{"By","4"},{"GK","kw"},{"P8","1"},{"Ql","3"},{"nZ","2"},{"rs","/a"},{"w3","4"},{"o/","0"}]}.
{336030351,"Host_336030351",0.5,0.2493,[{"9e","2"},{"By","4"},{"GK","A+"},{"Ql","3"},{"nZ","2"},{"rs","9h"},{"w3","4"},{"wN","2"},{"o/","0"},{"P8","0"}]}.
{4477243396,"Host_4477243396",0.5,0.4995,[{"9e","2"},{"By","4"},{"GK","R4"},{"Ql","3"},{"nZ","2"},{"rs","fq"},{"w3","6"},{"wN","2"},{"o/","0"},{"P8","0"}]}.
{7776496,"Host_7776496",0.5,0.4995,[{"9e","2"},{"By","4"},{"GK","GC"},{"Ql","3"},{"nZ","2"},{"rs","eU"},{"w3","6"},{"wN","2"},{"o/","0"},{"P8","0"}]}.
{599760,"Host_599760",0.5,0.4995,[{"9e","2"},{"By","4"},{"GK","t0"},{"Ql","3"},{"nZ","2"},{"rs","kM"},{"w3","6"},{"wN","2"},{"o/","0"},{"P8","0"}]}.
{258086557,"Host_258086557",0.5,0.749,[{"9e","2"},{"By","4"},{"GK","gU"},{"Ql","13"},{"nZ","2"},{"rs","Gv"},{"w3","9"},{"wN","2"},{"o/","0"},{"P8","0"}]}.
{4802125400,"Host_4802125400",1,1,[{"9e","1"},{"By","2"},{"GK","KV"},{"Ql","3"},{"nZ","3"},{"rs","qb"},{"w3","11"},{"wN","2"},{"o/","0"},{"P8","0"}]}.
{4802474017,"Host_4802474017",1,1,[{"9e","1"},{"By","2"},{"GK","XU"},{"Ql","3"},{"nZ","3"},{"rs","DN"},{"w3","11"},{"wN","2"},{"o/","0"},{"P8","0"}]}.
{336037212,"Host_336037212",0.5,0.2493,[{"9e","2"},{"By","4"},{"GK","ac"},{"Ql","3"},{"nZ","2"},{"rs","Mp"},{"w3","4"},{"wN","2"},{"o/","0"},{"P8","0"}]}.
{3605370291,"Host_3605370291",0.5,0.4995,[{"9e","2"},{"By","4"},{"GK","Au"},{"Ql","13"},{"nZ","2"},{"rs","T0"},{"w3","6"},{"wN","2"},{"o/","0"},{"P8","0"}]}.
{4304833349,"Host_4304833349",0.5,0.4995,[{"9e","2"},{"By","4"},{"GK","VN"},{"P8","1"},{"Ql","2"},{"nZ","2"},{"rs","1p"},{"w3","6"},{"o/","0"}]}.
{1436350589,"Host_1436350589",0.5,0.4995,[{"9e","2"},{"By","4"},{"GK","Hp"},{"Ql","3"},{"nZ","2"},{"rs","Zf"},{"w3","6"},{"wN","2"},{"o/","0"},{"P8","0"}]}.
{4820150166,"Host_4820150166",1,1,[{"9e","1"},{"By","2"},{"GK","YF"},{"P8","1"},{"Ql","15"},{"nZ","3"},{"rs","I0"},{"w3","11"},{"o/","0"}]}.
{1806233832,"Host_1806233832",0.5,0.2493,[{"9e","2"},{"By","4"},{"GK","Ep"},{"P8","1"},{"Ql","3"},{"nZ","2"},{"rs","Kr"},{"w3","4"},{"o/","0"}]}.
{1436699250,"Host_1436699250",0.5,0.4995,[{"9e","2"},{"By","4"},{"GK","S/"},{"Ql","13"},{"nZ","2"},{"rs","05"},{"w3","6"},{"wN","2"},{"o/","0"},{"P8","0"}]}.
{3631285943,"Host_3631285943",0.25,0.2498,[{"9e","3"},{"By","3"},{"GK","KV"},{"Ql","3"},{"nZ","1"},{"rs","YB"},{"w3","5"},{"wN","2"},{"o/","0"},{"P8","0"}]}.
{16914092,"Host_16914092",0.5,0.4995,[{"9e","2"},{"By","4"},{"GK","Ik"},{"P8","1"},{"Ql","3"},{"nZ","2"},{"rs","jJ"},{"w3","6"},{"o/","0"}]}.
{1095039,"Host_1095039",0.5,0.2493,[{"9e","2"},{"By","4"},{"GK","4J"},{"P8","1"},{"Ql","3"},{"nZ","2"},{"rs","Hy"},{"w3","4"},{"o/","0"}]}.
{1436490889,"Host_1436490889",0.5,0.4995,[{"9e","2"},{"By","4"},{"GK","d7"},{"Ql","3"},{"nZ","2"},{"o/","1"},{"rs","a3"},{"w3","6"},{"P8","0"}]}.
{336030135,"Host_336030135",0.5,0.2493,[{"9e","2"},{"By","4"},{"GK","tZ"},{"Ql","3"},{"nZ","2"},{"rs","9h"},{"w3","4"},{"wN","2"},{"o/","0"},{"P8","0"}]}.
{995212029,"Host_995212029",0.5,0.4995,[{"9e","2"},{"By","4"},{"GK","Be"},{"Ql","13"},{"nZ","2"},{"rs","Tb"},{"w3","6"},{"wN","2"},{"o/","0"},{"P8","0"}]}.
{772638512,"Host_772638512",0.5,0.4995,[{"9e","2"},{"By","4"},{"GK","IN"},{"Ql","13"},{"nZ","2"},{"rs","nF"},{"w3","6"},{"wN","2"},{"o/","0"},{"P8","0"}]}.
{564442270,"Host_564442270",0.5,0.4995,[{"9e","2"},{"By","4"},{"GK","HZ"},{"P8","1"},{"Ql","12"},{"nZ","2"},{"rs","xT"},{"w3","6"},{"o/","0"}]}.
{431072950,"Host_431072950",0.5,0.4995,[{"9e","2"},{"By","4"},{"GK","oa"},{"P8","1"},{"Ql","13"},{"nZ","2"},{"rs","H5"},{"w3","6"},{"o/","0"}]}.
{3242683686,"Host_3242683686",0.5,0.749,[{"9e","2"},{"By","4"},{"GK","fO"},{"P8","1"},{"Ql","13"},{"nZ","2"},{"rs","/y"},{"w3","9"},{"o/","0"}]}.
{32056130,"Host_32056130",0.5,0.2493,[{"9e","2"},{"By","4"},{"GK","cK"},{"P8","1"},{"Ql","2"},{"nZ","2"},{"rs","xL"},{"w3","4"},{"o/","0"}]}.
{16908952,"Host_16908952",0.5,0.2493,[{"9e","2"},{"By","4"},{"GK","Pn"},{"Ql","13"},{"nZ","2"},{"rs","uR"},{"w3","4"},{"wN","2"},{"o/","0"},{"P8","0"}]}.
{30790401,"Host_30790401",0.5,0.2493,[{"9e","2"},{"By","4"},{"GK","P3"},{"Ql","2"},{"nZ","2"},{"rs","0S"},{"w3","4"},{"wN","2"},{"o/","0"},{"P8","0"}]}.
{1437674322,"Host_1437674322",0.5,0.4995,[{"9e","2"},{"By","4"},{"GK","bN"},{"Ql","3"},{"nZ","2"},{"rs","Yi"},{"w3","6"},{"wN","2"},{"o/","0"},{"P8","0"}]}.
{82755268,"Host_82755268",0.5,0.2493,[{"9e","2"},{"By","4"},{"GK","f5"},{"Ql","2"},{"nZ","2"},{"rs","aq"},{"w3","4"},{"wN","2"},{"o/","0"},{"P8","0"}]}.
{8053582,"Host_8053582",0.5,0.4995,[{"9e","2"},{"By","4"},{"GK","uL"},{"Ql","3"},{"nZ","2"},{"rs","Iz"},{"w3","6"},{"wN","2"},{"o/","0"},{"P8","0"}]}.
{4820258637,"Host_4820258637",1,1,[{"9e","1"},{"By","2"},{"GK","Nr"},{"P8","1"},{"Ql","15"},{"nZ","3"},{"rs","m0"},{"w3","11"},{"o/","0"}]}.
{1436356885,"Host_1436356885",0.5,0.2493,[{"9e","2"},{"By","4"},{"GK","JX"},{"Ql","13"},{"nZ","2"},{"rs","Tb"},{"w3","4"},{"wN","2"},{"o/","0"},{"P8","0"}]}.
{8055065,"Host_8055065",0.5,0.4995,[{"9e","2"},{"By","4"},{"GK","wU"},{"Ql","3"},{"nZ","2"},{"rs","7c"},{"w3","6"},{"wN","2"},{"o/","0"},{"P8","0"}]}.
{1094553,"Host_1094553",0.5,0.4995,[{"9e","2"},{"By","4"},{"GK","z4"},{"P8","1"},{"Ql","3"},{"nZ","2"},{"rs","os"},{"w3","6"},{"o/","0"}]}.
{376715096,"Host_376715096",0.5,0.4995,[{"9e","2"},{"By","4"},{"GK","BB"},{"Ql","13"},{"nZ","2"},{"rs","Gj"},{"w3","6"},{"wN","2"},{"o/","0"},{"P8","0"}]}.
{82771193,"Host_82771193",0.5,0.2493,[{"9e","2"},{"By","4"},{"GK","4m"},{"Ql","2"},{"nZ","2"},{"rs","OE"},{"w3","4"},{"wN","2"},{"o/","0"},{"P8","0"}]}.
{1429204422,"Host_1429204422",0.5,0.4995,[{"9e","2"},{"By","4"},{"GK","VJ"},{"Ql","3"},{"nZ","2"},{"rs","cs"},{"w3","6"},{"wN","2"},{"o/","0"},{"P8","0"}]}.
{1273074,"Host_1273074",0.5,0.4995,[{"9e","2"},{"By","4"},{"GK","Rw"},{"Ql","2"},{"nZ","2"},{"rs","Nd"},{"w3","6"},{"wN","2"},{"o/","0"},{"P8","0"}]}.
{765627,"Host_765627",0.5,0.4995,[{"9e","2"},{"By","4"},{"GK","1m"},{"Ql","3"},{"nZ","2"},{"rs","1G"},{"w3","6"},{"wN","2"},{"o/","0"},{"P8","0"}]}.
{765622,"Host_765622",0.5,0.4995,[{"9e","2"},{"By","4"},{"GK","PW"},{"Ql","3"},{"nZ","2"},{"rs","bK"},{"w3","6"},{"wN","2"},{"o/","0"},{"P8","0"}]}.
{988234,"Host_988234",0.5,0.4995,[{"9e","2"},{"By","4"},{"GK","Hn"},{"P8","1"},{"Ql","3"},{"nZ","2"},{"rs","GG"},{"w3","6"},{"o/","0"}]}.
{6955604,"Host_6955604",0.5,0.4995,[{"9e","2"},{"By","4"},{"GK","cs"},{"Ql","12"},{"nZ","2"},{"rs","4F"},{"w3","6"},{"wN","2"},{"o/","0"},{"P8","0"}]}.
{4477021752,"Host_4477021752",0.5,0.4995,[{"9e","2"},{"By","4"},{"GK","BZ"},{"Ql","3"},{"nZ","2"},{"rs","Sk"},{"w3","6"},{"wN","2"},{"o/","0"},{"P8","0"}]}.
{38700292,"Host_38700292",0.5,0.2493,[{"9e","2"},{"By","4"},{"GK","uG"},{"P8","1"},{"Ql","2"},{"nZ","2"},{"rs","Vw"},{"w3","4"},{"o/","0"}]}.
{336021527,"Host_336021527",0.5,0.2493,[{"9e","2"},{"By","4"},{"GK","kK"},{"Ql","3"},{"nZ","2"},{"rs","J8"},{"w3","4"},{"wN","2"},{"o/","0"},{"P8","0"}]}.
{227460039,"Host_227460039",0.5,0.4995,[{"9e","2"},{"By","4"},{"GK","5l"},{"Ql","3"},{"nZ","2"},{"rs","Vq"},{"w3","6"},{"wN","2"},{"o/","0"},{"P8","0"}]}.
{642079627,"Host_642079627",0.5,0.749,[{"9e","2"},{"By","4"},{"GK","zm"},{"Ql","13"},{"nZ","2"},{"rs","/v"},{"w3","9"},{"wN","2"},{"o/","0"},{"P8","0"}]}.
{1275535,"Host_1275535",0.5,0.4995,[{"9e","2"},{"By","4"},{"GK","sq"},{"Ql","3"},{"nZ","2"},{"rs","sS"},{"w3","6"},{"wN","2"},{"o/","0"},{"P8","0"}]}.
{294763405,"Host_294763405",0.5,0.2493,[{"9e","2"},{"By","4"},{"GK","vn"},{"Ql","3"},{"nZ","2"},{"rs","JP"},{"w3","4"},{"wN","2"},{"o/","0"},{"P8","0"}]}.
{351651892,"Host_351651892",0.5,0.4995,[{"9e","2"},{"By","4"},{"GK","4/"},{"Ql","13"},{"nZ","2"},{"rs","NH"},{"w3","6"},{"wN","2"},{"o/","0"},{"P8","0"}]}.
{4820258292,"Host_4820258292",1,1,[{"9e","1"},{"By","2"},{"GK","gl"},{"P8","1"},{"Ql","15"},{"nZ","3"},{"rs","FC"},{"w3","11"},{"o/","0"}]}.
{2644174581,"Host_2644174581",0.5,0.749,[{"9e","2"},{"By","4"},{"GK","5s"},{"Ql","13"},{"nZ","2"},{"rs","7u"},{"w3","9"},{"wN","2"},{"o/","0"},{"P8","0"}]}.
{4088903798,"Host_4088903798",0.5,0.4995,[{"9e","2"},{"By","4"},{"GK","kC"},{"P8","1"},{"Ql","2"},{"nZ","2"},{"rs","Ed"},{"w3","6"},{"o/","0"}]}.
{6565075,"Host_6565075",0.5,0.4995,[{"9e","2"},{"By","4"},{"GK","KJ"},{"Ql","3"},{"nZ","2"},{"rs","db"},{"w3","6"},{"wN","2"},{"o/","0"},{"P8","0"}]}.
{3813488043,"Host_3813488043",0.5,0.4995,[{"9e","2"},{"By","4"},{"GK","B1"},{"Ql","11"},{"nZ","2"},{"rs","1E"},{"w3","6"},{"wN","2"},{"o/","0"},{"P8","0"}]}.
{2543650960,"Host_2543650960",0.5,0.4995,[{"9e","2"},{"By","4"},{"GK","Pw"},{"Ql","3"},{"nZ","2"},{"rs","Ob"},{"w3","6"},{"wN","2"},{"o/","0"},{"P8","0"}]}.
{32085966,"Host_32085966",0.5,0.2493,[{"9e","2"},{"By","4"},{"GK","Rc"},{"P8","1"},{"Ql","3"},{"nZ","2"},{"rs","nX"},{"w3","4"},{"o/","0"}]}.
{340153817,"Host_340153817",0.5,0.2493,[{"9e","2"},{"By","4"},{"GK","5B"},{"P8","1"},{"Ql","3"},{"nZ","2"},{"rs","U7"},{"w3","4"},{"o/","0"}]}.
{351622897,"Host_351622897",0.5,0.4995,[{"9e","2"},{"By","4"},{"GK","Pn"},{"Ql","13"},{"nZ","2"},{"rs","FS"},{"w3","6"},{"wN","2"},{"o/","0"},{"P8","0"}]}.
{294772486,"Host_294772486",0.5,0.2493,[{"9e","2"},{"By","4"},{"GK","Om"},{"Ql","3"},{"nZ","2"},{"rs","Ay"},{"w3","4"},{"wN","2"},{"o/","0"},{"P8","0"}]}.
{294847212,"Host_294847212",0.5,0.2493,[{"9e","2"},{"By","4"},{"GK","Gi"},{"Ql","3"},{"nZ","2"},{"rs","8+"},{"w3","4"},{"wN","2"},{"o/","0"},{"P8","0"}]}.
{381234,"Host_381234",0.5,0.4995,[{"9e","2"},{"By","4"},{"GK","2L"},{"P8","1"},{"Ql","3"},{"nZ","2"},{"rs","Kk"},{"w3","6"},{"o/","0"}]}.
{6565039,"Host_6565039",0.5,0.4995,[{"9e","2"},{"By","4"},{"GK","Q9"},{"P8","1"},{"Ql","3"},{"nZ","2"},{"rs","i+"},{"w3","6"},{"o/","0"}]}.
{284738137,"Host_284738137",0.5,0.2493,[{"9e","2"},{"By","4"},{"GK","M3"},{"Ql","2"},{"nZ","2"},{"rs","Ef"},{"w3","4"},{"wN","2"},{"o/","0"},{"P8","0"}]}.
{4304106559,"Host_4304106559",0.5,0.4995,[{"9e","2"},{"By","4"},{"GK","P+"},{"P8","1"},{"Ql","2"},{"nZ","2"},{"rs","kO"},{"w3","6"},{"o/","0"}]}.
{1271578,"Host_1271578",0.5,0.4995,[{"9e","2"},{"By","4"},{"GK","CK"},{"Ql","3"},{"nZ","2"},{"rs","q5"},{"w3","6"},{"wN","2"},{"o/","0"},{"P8","0"}]}.
{1274705,"Host_1274705",0.5,0.4995,[{"9e","2"},{"By","4"},{"GK","U1"},{"Ql","2"},{"nZ","2"},{"rs","Q5"},{"w3","6"},{"wN","2"},{"o/","0"},{"P8","0"}]}.
{4820426474,"Host_4820426474",1,1,[{"9e","1"},{"By","2"},{"GK","Sk"},{"P8","1"},{"Ql","15"},{"nZ","3"},{"rs","Zg"},{"w3","11"},{"o/","0"}]}.
{317302972,"Host_317302972",0.5,0.2493,[{"9e","2"},{"By","4"},{"GK","sg"},{"Ql","13"},{"nZ","2"},{"rs","2i"},{"w3","4"},{"o/","0"},{"P8","0"}]}.
{711481,"Host_711481",0.5,0.4995,[{"9e","2"},{"By","4"},{"GK","pD"},{"Ql","3"},{"nZ","2"},{"rs","fr"},{"w3","6"},{"wN","2"},{"o/","0"},{"P8","0"}]}.
{63618140,"Host_63618140",0.5,0.2493,[{"9e","2"},{"By","4"},{"GK","Eq"},{"Ql","3"},{"nZ","2"},{"rs","Xc"},{"w3","4"},{"wN","2"},{"o/","0"},{"P8","0"}]}.
{257346374,"Host_257346374",0.5,0.749,[{"9e","2"},{"By","4"},{"GK","Qy"},{"P8","1"},{"Ql","13"},{"nZ","2"},{"rs","12"},{"w3","9"},{"o/","0"}]}.
{3083499443,"Host_3083499443",0.5,0.4995,[{"9e","2"},{"By","4"},{"GK","fY"},{"P8","1"},{"Ql","3"},{"nZ","2"},{"rs","Xj"},{"w3","6"},{"o/","0"}]}.
{4820223735,"Host_4820223735",1,1,[{"9e","1"},{"By","2"},{"GK","o2"},{"P8","1"},{"Ql","15"},{"nZ","3"},{"rs","7L"},{"w3","11"},{"o/","0"}]}.
{431045916,"Host_431045916",0.5,0.2493,[{"9e","2"},{"By","4"},{"GK","6n"},{"Ql","3"},{"nZ","2"},{"rs","xE"},{"w3","4"},{"wN","2"},{"o/","0"},{"P8","0"}]}.
{449895544,"Host_449895544",0.5,0.4995,[{"9e","2"},{"By","4"},{"GK","AQ"},{"Ql","13"},{"nZ","2"},{"rs","3l"},{"w3","6"},{"wN","2"},{"o/","0"},{"P8","0"}]}.
{38655813,"Host_38655813",0.5,0.2493,[{"9e","2"},{"By","4"},{"GK","iT"},{"Ql","2"},{"nZ","2"},{"rs","Gl"},{"w3","4"},{"wN","2"},{"o/","0"},{"P8","0"}]}.
{3681741920,"Host_3681741920",0.5,0.2493,[{"9e","2"},{"By","4"},{"GK","90"},{"Ql","12"},{"nZ","2"},{"rs","gS"},{"w3","4"},{"wN","2"},{"o/","0"},{"P8","0"}]}.
{5781902,"Host_5781902",0.5,0.2493,[{"9e","2"},{"By","4"},{"GK","44"},{"Ql","2"},{"nZ","2"},{"rs","I3"},{"w3","4"},{"wN","2"},{"o/","0"},{"P8","0"}]}.
{336045614,"Host_336045614",0.5,0.2493,[{"9e","2"},{"By","4"},{"GK","y7"},{"Ql","3"},{"nZ","2"},{"rs","7D"},{"w3","4"},{"wN","2"},{"o/","0"},{"P8","0"}]}.
{7781217,"Host_7781217",0.5,0.4995,[{"9e","2"},{"By","4"},{"GK","HU"},{"Ql","13"},{"nZ","2"},{"rs","NP"},{"w3","6"},{"wN","2"},{"o/","0"},{"P8","0"}]}.
{599621,"Host_599621",0.5,0.4995,[{"9e","2"},{"By","4"},{"GK","Lk"},{"Ql","3"},{"nZ","2"},{"rs","Ub"},{"w3","6"},{"wN","2"},{"o/","0"},{"P8","0"}]}.
{336055579,"Host_336055579",0.5,0.2493,[{"9e","2"},{"By","4"},{"GK","/k"},{"P8","1"},{"Ql","3"},{"nZ","2"},{"rs","fj"},{"w3","4"},{"o/","0"}]}.
{274097046,"Host_274097046",0.5,0.2493,[{"9e","2"},{"By","4"},{"GK","k1"},{"Ql","3"},{"nZ","2"},{"rs","MA"},{"w3","4"},{"wN","2"},{"o/","0"},{"P8","0"}]}.
{1436305689,"Host_1436305689",0.5,0.4995,[{"9e","2"},{"By","4"},{"GK","f5"},{"Ql","3"},{"nZ","2"},{"rs","7q"},{"w3","6"},{"wN","2"},{"o/","0"},{"P8","0"}]}.
{3938737194,"Host_3938737194",0.5,0.2493,[{"9e","2"},{"By","4"},{"GK","rt"},{"P8","1"},{"Ql","3"},{"nZ","2"},{"rs","gg"},{"w3","4"},{"o/","0"}]}.
{450096313,"Host_450096313",0.5,0.4995,[{"9e","2"},{"By","4"},{"GK","ZB"},{"P8","1"},{"Ql","13"},{"nZ","2"},{"rs","CP"},{"w3","6"},{"o/","0"}]}.
{3349153155,"Host_3349153155",0.5,0.4995,[{"9e","2"},{"By","4"},{"GK","6m"},{"Ql","3"},{"nZ","2"},{"rs","i+"},{"w3","6"},{"wN","2"},{"o/","0"},{"P8","0"}]}.
{4302787105,"Host_4302787105",0.5,0.4995,[{"9e","2"},{"By","4"},{"GK","hI"},{"P8","1"},{"Ql","2"},{"nZ","2"},{"rs","LL"},{"w3","6"},{"o/","0"}]}.
{1094683,"Host_1094683",0.5,0.2493,[{"9e","2"},{"By","4"},{"GK","ZS"},{"Ql","3"},{"nZ","2"},{"rs","6z"},{"w3","4"},{"wN","2"},{"o/","0"},{"P8","0"}]}.
{317330954,"Host_317330954",0.5,0.749,[{"9e","2"},{"By","4"},{"GK","qI"},{"Ql","13"},{"nZ","2"},{"rs","nz"},{"w3","9"},{"wN","2"},{"o/","0"},{"P8","0"}]}.
{295003712,"Host_295003712",0.5,0.2493,[{"9e","2"},{"By","4"},{"GK","AL"},{"P8","1"},{"Ql","3"},{"nZ","2"},{"rs","J8"},{"w3","4"},{"o/","0"}]}.
{779436544,"Host_779436544",0.5,0.4995,[{"9e","2"},{"By","4"},{"GK","0e"},{"Ql","3"},{"nZ","2"},{"rs","5Y"},{"w3","6"},{"wN","2"},{"o/","0"},{"P8","0"}]}.
{63639178,"Host_63639178",0.5,0.2493,[{"9e","2"},{"By","4"},{"GK","MR"},{"Ql","3"},{"nZ","2"},{"rs","aq"},{"w3","4"},{"wN","2"},{"o/","0"},{"P8","0"}]}.
{564515268,"Host_564515268",0.5,0.4995,[{"9e","2"},{"By","4"},{"GK","rC"},{"P8","1"},{"Ql","13"},{"nZ","2"},{"rs","MW"},{"w3","6"},{"o/","0"}]}.
{351639643,"Host_351639643",0.5,0.4995,[{"9e","2"},{"By","4"},{"GK","U0"},{"Ql","13"},{"nZ","2"},{"rs","Q1"},{"w3","6"},{"wN","2"},{"o/","0"},{"P8","0"}]}.
{1093470,"Host_1093470",0.5,0.4995,[{"9e","2"},{"By","4"},{"GK","/e"},{"Ql","3"},{"nZ","2"},{"rs","b6"},{"w3","6"},{"wN","2"},{"o/","0"},{"P8","0"}]}.
{6565188,"Host_6565188",0.5,0.4995,[{"9e","2"},{"By","4"},{"GK","Qf"},{"Ql","3"},{"nZ","2"},{"rs","+4"},{"w3","6"},{"wN","2"},{"o/","0"},{"P8","0"}]}.
{7781500,"Host_7781500",0.5,0.4995,[{"9e","2"},{"By","4"},{"GK","2M"},{"Ql","13"},{"nZ","2"},{"rs","Ty"},{"w3","6"},{"wN","2"},{"o/","0"},{"P8","0"}]}.
{82804372,"Host_82804372",0.5,0.2493,[{"9e","2"},{"By","4"},{"GK","wh"},{"Ql","2"},{"nZ","2"},{"rs","gg"},{"w3","4"},{"wN","2"},{"o/","0"},{"P8","0"}]}.
{38750673,"Host_38750673",0.5,0.2493,[{"9e","2"},{"By","4"},{"GK","IW"},{"P8","1"},{"Ql","2"},{"nZ","2"},{"rs","jK"},{"w3","4"},{"o/","0"}]}.
{3829903,"Host_3829903",0.5,0.2493,[{"9e","2"},{"By","4"},{"GK","Nk"},{"P8","1"},{"Ql","3"},{"nZ","2"},{"rs","aJ"},{"w3","4"},{"o/","0"}]}.
{6608516,"Host_6608516",0.5,0.4995,[{"9e","2"},{"By","4"},{"GK","m4"},{"Ql","3"},{"nZ","2"},{"rs","i+"},{"w3","6"},{"wN","2"},{"o/","0"},{"P8","0"}]}.
{38709565,"Host_38709565",0.5,0.2493,[{"9e","2"},{"By","4"},{"GK","J5"},{"Ql","2"},{"nZ","2"},{"rs","j6"},{"w3","4"},{"wN","2"},{"o/","0"},{"P8","0"}]}.
{1726342845,"Host_1726342845",0.5,0.4995,[{"9e","2"},{"By","4"},{"GK","P3"},{"Ql","3"},{"nZ","2"},{"rs","IK"},{"w3","6"},{"wN","2"},{"o/","0"},{"P8","0"}]}.
{376218270,"Host_376218270",0.5,0.4995,[{"9e","2"},{"By","4"},{"GK","ow"},{"Ql","13"},{"nZ","2"},{"rs","Q1"},{"w3","6"},{"wN","2"},{"o/","0"},{"P8","0"}]}.
{317302973,"Host_317302973",0.5,0.2493,[{"9e","2"},{"By","4"},{"GK","tV"},{"P8","1"},{"Ql","13"},{"nZ","2"},{"rs","2i"},{"w3","4"},{"o/","0"}]}.
{424201240,"Host_424201240",0.5,0.4995,[{"9e","2"},{"By","4"},{"GK","Ul"},{"Ql","3"},{"nZ","2"},{"rs","Ml"},{"w3","6"},{"wN","2"},{"o/","0"},{"P8","0"}]}.
{3593850737,"Host_3593850737",0.5,0.4995,[{"9e","2"},{"By","4"},{"GK","2+"},{"Ql","3"},{"nZ","2"},{"rs","nN"},{"w3","6"},{"wN","2"},{"o/","0"},{"P8","0"}]}.
{788431475,"Host_788431475",0.5,0.4995,[{"9e","2"},{"By","4"},{"GK","id"},{"Ql","3"},{"nZ","2"},{"rs","sp"},{"w3","6"},{"wN","2"},{"o/","0"},{"P8","0"}]}.
{3605497855,"Host_3605497855",0.5,0.2493,[{"9e","2"},{"By","4"},{"GK","xv"},{"P8","1"},{"Ql","2"},{"nZ","2"},{"rs","jK"},{"w3","4"},{"o/","0"}]}.
{317486425,"Host_317486425",0.5,0.749,[{"9e","2"},{"By","4"},{"GK","yj"},{"P8","1"},{"Ql","13"},{"nZ","2"},{"rs","lQ"},{"w3","9"},{"o/","0"}]}.
{257410921,"Host_257410921",0.5,0.749,[{"9e","2"},{"By","4"},{"GK","XV"},{"P8","1"},{"Ql","13"},{"nZ","2"},{"rs","bf"},{"w3","9"},{"o/","0"}]}.
{4469899820,"Host_4469899820",0.5,0.4995,[{"9e","2"},{"By","4"},{"GK","zU"},{"Ql","3"},{"nZ","2"},{"rs","be"},{"w3","6"},{"wN","2"},{"o/","0"},{"P8","0"}]}.
{317808372,"Host_317808372",0.5,0.749,[{"9e","2"},{"By","4"},{"GK","KB"},{"P8","1"},{"Ql","13"},{"nZ","2"},{"rs","72"},{"w3","9"},{"o/","0"}]}.
{336035835,"Host_336035835",0.5,0.2493,[{"9e","2"},{"By","4"},{"GK","Ps"},{"Ql","3"},{"nZ","2"},{"rs","ZU"},{"w3","4"},{"wN","2"},{"o/","0"},{"P8","0"}]}.
{6641402,"Host_6641402",0.5,0.4995,[{"9e","2"},{"By","4"},{"GK","tb"},{"Ql","3"},{"nZ","2"},{"rs","Zf"},{"w3","6"},{"wN","2"},{"o/","0"},{"P8","0"}]}.
{6641413,"Host_6641413",0.5,0.4995,[{"9e","2"},{"By","4"},{"GK","9Y"},{"Ql","3"},{"nZ","2"},{"rs","wn"},{"w3","6"},{"wN","2"},{"o/","0"},{"P8","0"}]}.
{6566591,"Host_6566591",0.5,0.4995,[{"9e","2"},{"By","4"},{"GK","SG"},{"P8","1"},{"Ql","3"},{"nZ","2"},{"rs","3E"},{"w3","6"},{"o/","0"}]}.
{2381577379,"Host_2381577379",0.5,0.4995,[{"9e","2"},{"By","4"},{"GK","oM"},{"Ql","11"},{"nZ","2"},{"rs","38"},{"w3","6"},{"wN","2"},{"o/","0"},{"P8","0"}]}.
{38749758,"Host_38749758",0.5,0.2493,[{"9e","2"},{"By","4"},{"GK","/y"},{"P8","1"},{"Ql","2"},{"nZ","2"},{"rs","jK"},{"w3","4"},{"o/","0"}]}.
{4820249664,"Host_4820249664",1,1,[{"9e","1"},{"By","2"},{"GK","mo"},{"P8","1"},{"Ql","15"},{"nZ","3"},{"rs","N1"},{"w3","11"},{"o/","0"}]}.
{766872157,"Host_766872157",0.5,0.4995,[{"9e","2"},{"By","4"},{"GK","nk"},{"Ql","3"},{"nZ","2"},{"rs","B7"},{"w3","6"},{"wN","2"},{"o/","0"},{"P8","0"}]}.
{1440282230,"Host_1440282230",0.5,0.2493,[{"9e","2"},{"By","4"},{"GK","fA"},{"P8","1"},{"Ql","2"},{"nZ","2"},{"rs","Fh"},{"w3","4"},{"o/","0"}]}.
{638368,"Host_638368",0.5,0.4995,[{"9e","2"},{"By","4"},{"GK","b5"},{"Ql","3"},{"nZ","2"},{"rs","kR"},{"w3","6"},{"wN","2"},{"o/","0"},{"P8","0"}]}.
{1458705361,"Host_1458705361",0.5,0.4995,[{"9e","2"},{"By","4"},{"GK","ea"},{"Ql","13"},{"nZ","2"},{"rs","xT"},{"w3","6"},{"wN","2"},{"o/","0"},{"P8","0"}]}.
{1437119321,"Host_1437119321",0.5,0.4995,[{"9e","2"},{"By","4"},{"GK","5W"},{"Ql","3"},{"nZ","2"},{"rs","Iz"},{"w3","6"},{"wN","2"},{"o/","0"},{"P8","0"}]}.
{3660229285,"Host_3660229285",0.5,0.2493,[{"9e","2"},{"By","4"},{"GK","0+"},{"Ql","3"},{"nZ","2"},{"rs","OE"},{"w3","4"},{"wN","2"},{"o/","0"},{"P8","0"}]}.
{4802476128,"Host_4802476128",1,1,[{"9e","1"},{"By","2"},{"GK","9t"},{"Ql","3"},{"nZ","3"},{"rs","Eu"},{"w3","11"},{"wN","2"},{"o/","0"},{"P8","0"}]}.
{231692306,"Host_231692306",0.5,0.4995,[{"9e","2"},{"By","4"},{"GK","Jm"},{"Ql","3"},{"nZ","2"},{"rs","n1"},{"w3","6"},{"wN","2"},{"o/","0"},{"P8","0"}]}.
{660408,"Host_660408",0.5,0.4995,[{"9e","2"},{"By","4"},{"GK","18"},{"Ql","3"},{"nZ","2"},{"rs","q6"},{"w3","6"},{"wN","2"},{"o/","0"},{"P8","0"}]}.
{4820003318,"Host_4820003318",1,1,[{"9e","1"},{"By","2"},{"GK","yj"},{"P8","1"},{"Ql","15"},{"nZ","3"},{"rs","62"},{"w3","11"},{"o/","0"}]}.
{2006576542,"Host_2006576542",0.5,0.4995,[{"9e","2"},{"By","4"},{"GK","Kk"},{"Ql","3"},{"nZ","2"},{"rs","a3"},{"w3","6"},{"wN","2"},{"o/","0"},{"P8","0"}]}.
{38745633,"Host_38745633",0.5,0.2493,[{"9e","2"},{"By","4"},{"GK","Jz"},{"Ql","2"},{"nZ","2"},{"rs","jK"},{"w3","4"},{"wN","2"},{"o/","0"},{"P8","0"}]}.
{336058782,"Host_336058782",0.5,0.2493,[{"9e","2"},{"By","4"},{"GK","gl"},{"Ql","3"},{"nZ","2"},{"rs","fj"},{"w3","4"},{"wN","2"},{"o/","0"},{"P8","0"}]}.
{219315461,"Host_219315461",0.5,0.2493,[{"9e","2"},{"By","4"},{"GK","4O"},{"P8","1"},{"Ql","3"},{"nZ","2"},{"rs","/A"},{"w3","4"},{"o/","0"}]}.
{6240379586,"Host_6240379586",0.5,0.2493,[{"9e","2"},{"By","4"},{"GK","/m"},{"Ql","3"},{"nZ","2"},{"rs","9h"},{"w3","4"},{"wN","2"},{"o/","0"},{"P8","0"}]}.
{336033780,"Host_336033780",0.5,0.2493,[{"9e","2"},{"By","4"},{"GK","4l"},{"P8","1"},{"Ql","3"},{"nZ","2"},{"rs","E9"},{"w3","4"},{"o/","0"}]}.
{376293621,"Host_376293621",0.5,0.4995,[{"9e","2"},{"By","4"},{"GK","er"},{"P8","1"},{"Ql","13"},{"nZ","2"},{"rs","jc"},{"w3","6"},{"o/","0"}]}.
{682274,"Host_682274",0.5,0.4995,[{"9e","2"},{"By","4"},{"GK","oI"},{"P8","1"},{"Ql","3"},{"nZ","2"},{"rs","bK"},{"w3","6"},{"o/","0"}]}.
{907208,"Host_907208",0.5,0.4995,[{"9e","2"},{"By","4"},{"GK","eX"},{"P8","1"},{"Ql","3"},{"nZ","2"},{"rs","Ij"},{"w3","6"},{"o/","0"}]}.
{431074291,"Host_431074291",0.5,0.4995,[{"9e","2"},{"By","4"},{"GK","y/"},{"Ql","13"},{"nZ","2"},{"rs","IN"},{"w3","6"},{"wN","2"},{"o/","0"},{"P8","0"}]}.
{567790,"Host_567790",0.5,0.4995,[{"9e","2"},{"By","4"},{"GK","Ob"},{"P8","1"},{"Ql","3"},{"nZ","2"},{"rs","Vq"},{"w3","6"},{"o/","0"}]}.
{4874535772,"Host_4874535772",1,1,[{"9e","1"},{"By","2"},{"GK","FC"},{"P8","1"},{"Ql","15"},{"nZ","3"},{"rs","I0"},{"w3","11"},{"o/","0"}]}.
{1340396,"Host_1340396",0.5,0.2493,[{"9e","2"},{"By","4"},{"GK","V6"},{"Ql","2"},{"nZ","2"},{"rs","fY"},{"w3","4"},{"wN","2"},{"o/","0"},{"P8","0"}]}.
{370136256,"Host_370136256",0.5,0.4995,[{"9e","2"},{"By","4"},{"GK","T1"},{"P8","1"},{"Ql","13"},{"nZ","2"},{"rs","6Z"},{"w3","6"},{"o/","0"}]}.
{38731626,"Host_38731626",0.5,0.2493,[{"9e","2"},{"By","4"},{"GK","F6"},{"Ql","2"},{"nZ","2"},{"rs","3+"},{"w3","4"},{"wN","2"},{"o/","0"},{"P8","0"}]}.
{431073205,"Host_431073205",0.5,0.4995,[{"9e","2"},{"By","4"},{"GK","ka"},{"Ql","13"},{"nZ","2"},{"rs","NH"},{"w3","6"},{"wN","2"},{"o/","0"},{"P8","0"}]}.
{631942,"Host_631942",0.5,0.4995,[{"9e","2"},{"By","4"},{"GK","3Z"},{"Ql","3"},{"nZ","2"},{"rs","wi"},{"w3","6"},{"wN","2"},{"o/","0"},{"P8","0"}]}.
{1269715,"Host_1269715",0.5,0.4995,[{"9e","2"},{"By","4"},{"GK","6B"},{"Ql","3"},{"nZ","2"},{"rs","WU"},{"w3","6"},{"wN","2"},{"o/","0"},{"P8","0"}]}.
{1340155,"Host_1340155",0.5,0.2493,[{"9e","2"},{"By","4"},{"GK","XF"},{"P8","1"},{"Ql","2"},{"nZ","2"},{"rs","fY"},{"w3","4"},{"o/","0"}]}.
{225959266,"Host_225959266",0.5,0.4995,[{"9e","2"},{"By","4"},{"GK","AC"},{"Ql","3"},{"nZ","2"},{"rs","+F"},{"w3","6"},{"wN","2"},{"o/","0"},{"P8","0"}]}.
{4802086681,"Host_4802086681",1,1,[{"9e","1"},{"By","2"},{"GK","s1"},{"Ql","3"},{"nZ","3"},{"rs","zu"},{"w3","11"},{"wN","2"},{"o/","0"},{"P8","0"}]}.
{336032761,"Host_336032761",0.5,0.2493,[{"9e","2"},{"By","4"},{"GK","A5"},{"Ql","3"},{"nZ","2"},{"rs","E9"},{"w3","4"},{"wN","2"},{"o/","0"},{"P8","0"}]}.
{197871657,"Host_197871657",0.5,0.2493,[{"9e","2"},{"By","4"},{"GK","O5"},{"Ql","3"},{"nZ","2"},{"rs","N4"},{"w3","4"},{"wN","2"},{"o/","0"},{"P8","0"}]}.
{345287511,"Host_345287511",0.5,0.749,[{"9e","2"},{"By","4"},{"GK","Vj"},{"Ql","13"},{"nZ","2"},{"rs","6z"},{"w3","9"},{"wN","2"},{"o/","0"},{"P8","0"}]}.
{602962,"Host_602962",0.5,0.4995,[{"9e","2"},{"By","4"},{"GK","gL"},{"P8","1"},{"Ql","3"},{"nZ","2"},{"rs","RP"},{"w3","6"},{"o/","0"}]}.
{854217819,"Host_854217819",0.5,0.4995,[{"9e","2"},{"By","4"},{"GK","t+"},{"P8","1"},{"Ql","3"},{"nZ","2"},{"rs","ie"},{"w3","6"},{"o/","0"}]}.
{2912464652,"Host_2912464652",0.5,0.4995,[{"9e","2"},{"By","4"},{"GK","5D"},{"Ql","3"},{"nZ","2"},{"rs","Tc"},{"w3","6"},{"wN","2"},{"o/","0"},{"P8","0"}]}.
{1777057173,"Host_1777057173",0.5,0.4995,[{"9e","2"},{"By","4"},{"GK","lK"},{"P8","1"},{"Ql","3"},{"nZ","2"},{"rs","du"},{"w3","6"},{"o/","0"}]}.
{1301717,"Host_1301717",0.5,0.4995,[{"9e","2"},{"By","4"},{"GK","d7"},{"P8","1"},{"Ql","3"},{"nZ","2"},{"rs","M5"},{"w3","6"},{"o/","0"}]}.
{38,"Host_38",0.5,0.2493,[{"9e","2"},{"By","4"},{"GK","xl"},{"Ql","2"},{"nZ","2"},{"rs","I3"},{"w3","4"},{"wN","2"},{"o/","0"},{"P8","0"}]}.
{2441377300,"Host_2441377300",0.5,0.4995,[{"9e","2"},{"By","4"},{"GK","gz"},{"Ql","3"},{"nZ","2"},{"rs","ie"},{"w3","6"},{"wN","2"},{"o/","0"},{"P8","0"}]}.
{4820180814,"Host_4820180814",1,1,[{"9e","1"},{"By","2"},{"GK","Ha"},{"P8","1"},{"Ql","14"},{"nZ","3"},{"rs","dZ"},{"w3","11"},{"o/","0"}]}.
{3571956488,"Host_3571956488",0.5,0.4995,[{"9e","2"},{"By","4"},{"GK","YS"},{"Ql","2"},{"nZ","2"},{"rs","Vd"},{"w3","6"},{"wN","2"},{"o/","0"},{"P8","0"}]}.
{97959424,"Host_97959424",0.5,0.4995,[{"9e","2"},{"By","4"},{"GK","Yz"},{"P8","1"},{"Ql","3"},{"nZ","2"},{"rs","Sm"},{"w3","6"},{"o/","0"}]}.
{6569549,"Host_6569549",0.5,0.4995,[{"9e","2"},{"By","4"},{"GK","bY"},{"P8","1"},{"Ql","3"},{"nZ","2"},{"rs","Oo"},{"w3","6"},{"o/","0"}]}.
{5784322,"Host_5784322",0.5,0.2493,[{"9e","2"},{"By","4"},{"GK","qF"},{"Ql","12"},{"nZ","2"},{"rs","Om"},{"w3","4"},{"wN","2"},{"o/","0"},{"P8","0"}]}.
{4820060403,"Host_4820060403",1,1,[{"9e","1"},{"By","2"},{"GK","Xe"},{"P8","1"},{"Ql","15"},{"nZ","3"},{"rs","52"},{"w3","11"},{"o/","0"}]}.
{1691553,"Host_1691553",0.5,0.4995,[{"9e","2"},{"By","4"},{"GK","lF"},{"Ql","3"},{"nZ","2"},{"rs","os"},{"w3","6"},{"wN","2"},{"o/","0"},{"P8","0"}]}.
{487545,"Host_487545",0.5,0.4995,[{"9e","2"},{"By","4"},{"GK","RK"},{"Ql","3"},{"nZ","2"},{"rs","E4"},{"w3","6"},{"wN","2"},{"o/","0"},{"P8","0"}]}.
{1697659,"Host_1697659",0.5,0.4995,[{"9e","2"},{"By","4"},{"GK","pB"},{"Ql","2"},{"nZ","2"},{"rs","Kr"},{"w3","6"},{"wN","2"},{"o/","0"},{"P8","0"}]}.
{400423993,"Host_400423993",0.5,0.2493,[{"9e","2"},{"By","4"},{"GK","B5"},{"Ql","3"},{"nZ","2"},{"rs","J5"},{"w3","4"},{"wN","2"},{"o/","0"},{"P8","0"}]}.
{317302925,"Host_317302925",0.5,0.749,[{"9e","2"},{"By","4"},{"GK","QO"},{"Ql","13"},{"nZ","2"},{"rs","6z"},{"w3","9"},{"wN","2"},{"o/","0"},{"P8","0"}]}.
{305376845,"Host_305376845",0.5,0.2493,[{"9e","2"},{"By","4"},{"GK","Uw"},{"Ql","3"},{"nZ","2"},{"rs","aJ"},{"w3","4"},{"wN","2"},{"o/","0"},{"P8","0"}]}.
{1807208,"Host_1807208",0.5,0.4995,[{"9e","2"},{"By","4"},{"GK","Si"},{"P8","1"},{"Ql","3"},{"nZ","2"},{"rs","zl"},{"w3","6"},{"o/","0"}]}.
{478267510,"Host_478267510",0.5,0.4995,[{"9e","2"},{"By","4"},{"GK","kE"},{"P8","1"},{"Ql","3"},{"nZ","2"},{"rs","v4"},{"w3","6"},{"o/","0"}]}.
{336041164,"Host_336041164",0.5,0.2493,[{"9e","2"},{"By","4"},{"GK","l4"},{"Ql","3"},{"nZ","2"},{"rs","6f"},{"w3","4"},{"wN","2"},{"o/","0"},{"P8","0"}]}.
{903486,"Host_903486",0.5,0.4995,[{"9e","2"},{"By","4"},{"GK","cZ"},{"Ql","3"},{"nZ","2"},{"rs","cS"},{"w3","6"},{"wN","2"},{"o/","0"},{"P8","0"}]}.
{705775,"Host_705775",0.5,0.4995,[{"9e","2"},{"By","4"},{"GK","BP"},{"P8","1"},{"Ql","3"},{"nZ","2"},{"rs","oW"},{"w3","6"},{"o/","0"}]}.
{38691506,"Host_38691506",0.5,0.2493,[{"9e","2"},{"By","4"},{"GK","je"},{"Ql","2"},{"nZ","2"},{"rs","vx"},{"w3","4"},{"wN","2"},{"o/","0"},{"P8","0"}]}.
{2515429618,"Host_2515429618",0.5,0.4995,[{"9e","2"},{"By","4"},{"GK","bV"},{"Ql","3"},{"nZ","2"},{"rs","NX"},{"w3","6"},{"wN","2"},{"o/","0"},{"P8","0"}]}.
{317486499,"Host_317486499",0.5,0.749,[{"9e","2"},{"By","4"},{"GK","Nc"},{"Ql","13"},{"nZ","2"},{"rs","lQ"},{"w3","9"},{"wN","2"},{"o/","0"},{"P8","0"}]}.
{1340570,"Host_1340570",0.5,0.2493,[{"9e","2"},{"By","4"},{"GK","e9"},{"Ql","2"},{"nZ","2"},{"rs","Xc"},{"w3","4"},{"wN","2"},{"o/","0"},{"P8","0"}]}.
{6641550,"Host_6641550",0.5,0.4995,[{"9e","2"},{"By","4"},{"GK","Ms"},{"P8","1"},{"Ql","3"},{"nZ","2"},{"rs","kM"},{"w3","6"},{"o/","0"}]}.
{711173,"Host_711173",0.5,0.4995,[{"9e","2"},{"By","4"},{"GK","qV"},{"Ql","3"},{"nZ","2"},{"rs","ts"},{"w3","6"},{"wN","2"},{"o/","0"},{"P8","0"}]}.
{4820180887,"Host_4820180887",1,1,[{"9e","1"},{"By","2"},{"GK","57"},{"P8","1"},{"Ql","14"},{"nZ","3"},{"rs","N1"},{"w3","11"},{"o/","0"}]}.
{182854069,"Host_182854069",0.5,0.2493,[{"9e","2"},{"By","4"},{"GK","Ix"},{"P8","1"},{"Ql","3"},{"nZ","2"},{"rs","3r"},{"w3","4"},{"o/","0"}]}.
{2274917864,"Host_2274917864",0.5,0.2493,[{"9e","2"},{"By","4"},{"GK","aZ"},{"P8","1"},{"Ql","3"},{"nZ","2"},{"rs","Pi"},{"w3","4"},{"o/","0"}]}.
{1273081,"Host_1273081",0.5,0.4995,[{"9e","2"},{"By","4"},{"GK","sl"},{"P8","1"},{"Ql","3"},{"nZ","2"},{"rs","q5"},{"w3","6"},{"o/","0"}]}.
{4820075950,"Host_4820075950",1,1,[{"9e","1"},{"By","2"},{"GK","uc"},{"P8","1"},{"Ql","15"},{"nZ","3"},{"rs","mm"},{"w3","11"},{"o/","0"}]}.
{711241,"Host_711241",0.5,0.4995,[{"9e","2"},{"By","4"},{"GK","/0"},{"Ql","3"},{"nZ","2"},{"rs","D7"},{"w3","6"},{"wN","2"},{"o/","0"},{"P8","0"}]}.
{484592221,"Host_484592221",0.5,0.4995,[{"9e","2"},{"By","4"},{"GK","Da"},{"P8","1"},{"Ql","3"},{"nZ","2"},{"rs","+F"},{"w3","6"},{"o/","0"}]}.
{3407946425,"Host_3407946425",0.5,0.4995,[{"9e","2"},{"By","4"},{"GK","Qz"},{"P8","1"},{"Ql","3"},{"nZ","2"},{"rs","Um"},{"w3","6"},{"o/","0"}]}.
{4469208657,"Host_4469208657",0.5,0.4995,[{"9e","2"},{"By","4"},{"GK","wl"},{"P8","1"},{"Ql","3"},{"nZ","2"},{"rs","fq"},{"w3","6"},{"o/","0"}]}.
{351617841,"Host_351617841",0.5,0.4995,[{"9e","2"},{"By","4"},{"GK","0p"},{"P8","1"},{"Ql","13"},{"nZ","2"},{"rs","Ur"},{"w3","6"},{"o/","0"}]}.
{1274293,"Host_1274293",0.5,0.4995,[{"9e","2"},{"By","4"},{"GK","4Y"},{"Ql","3"},{"nZ","2"},{"rs","8J"},{"w3","6"},{"wN","2"},{"o/","0"},{"P8","0"}]}.
{30788529,"Host_30788529",0.5,0.2493,[{"9e","2"},{"By","4"},{"GK","Fq"},{"Ql","2"},{"nZ","2"},{"rs","Gk"},{"w3","4"},{"wN","2"},{"o/","0"},{"P8","0"}]}.
{1275154,"Host_1275154",0.5,0.4995,[{"9e","2"},{"By","4"},{"GK","cb"},{"Ql","3"},{"nZ","2"},{"rs","Xj"},{"w3","6"},{"wN","2"},{"o/","0"},{"P8","0"}]}.
{6566773,"Host_6566773",0.5,0.4995,[{"9e","2"},{"By","4"},{"GK","Q5"},{"Ql","13"},{"nZ","2"},{"rs","jO"},{"w3","6"},{"wN","2"},{"o/","0"},{"P8","0"}]}.
{305387620,"Host_305387620",0.5,0.2493,[{"9e","2"},{"By","4"},{"GK","sy"},{"Ql","3"},{"nZ","2"},{"rs","3v"},{"w3","4"},{"wN","2"},{"o/","0"},{"P8","0"}]}.
{2055056406,"Host_2055056406",0.5,0.2493,[{"9e","2"},{"By","4"},{"GK","jB"},{"P8","1"},{"Ql","3"},{"nZ","2"},{"rs","X1"},{"w3","4"},{"o/","0"}]}.
{1270574,"Host_1270574",0.5,0.4995,[{"9e","2"},{"By","4"},{"GK","aV"},{"Ql","3"},{"nZ","2"},{"rs","WU"},{"w3","6"},{"wN","2"},{"o/","0"},{"P8","0"}]}.
{97966889,"Host_97966889",0.5,0.4995,[{"9e","2"},{"By","4"},{"GK","/F"},{"P8","1"},{"Ql","3"},{"nZ","2"},{"rs","MT"},{"w3","6"},{"o/","0"}]}.
{317346426,"Host_317346426",0.5,0.749,[{"9e","2"},{"By","4"},{"GK","tl"},{"Ql","13"},{"nZ","2"},{"rs","3W"},{"w3","9"},{"wN","2"},{"o/","0"},{"P8","0"}]}.
{8053587,"Host_8053587",0.5,0.4995,[{"9e","2"},{"By","4"},{"GK","9R"},{"Ql","3"},{"nZ","2"},{"rs","Iz"},{"w3","6"},{"wN","2"},{"o/","0"},{"P8","0"}]}.
{38699454,"Host_38699454",0.5,0.2493,[{"9e","2"},{"By","4"},{"GK","f0"},{"Ql","2"},{"nZ","2"},{"rs","Vw"},{"w3","4"},{"wN","2"},{"o/","0"},{"P8","0"}]}.
{16914017,"Host_16914017",0.5,0.4995,[{"9e","2"},{"By","4"},{"GK","F1"},{"Ql","3"},{"nZ","2"},{"rs","jJ"},{"w3","6"},{"wN","2"},{"o/","0"},{"P8","0"}]}.
{5140209174,"Host_5140209174",0.5,0.2493,[{"9e","2"},{"By","4"},{"GK","17"},{"Ql","2"},{"nZ","2"},{"rs","0Y"},{"w3","4"},{"wN","2"},{"o/","0"},{"P8","0"}]}.
{2274709005,"Host_2274709005",0.5,0.2493,[{"9e","2"},{"By","4"},{"GK","Ul"},{"P8","1"},{"Ql","3"},{"nZ","2"},{"rs","Pi"},{"w3","4"},{"o/","0"}]}.
{1301955,"Host_1301955",0.5,0.4995,[{"9e","2"},{"By","4"},{"GK","sA"},{"Ql","3"},{"nZ","2"},{"rs","M5"},{"w3","6"},{"wN","2"},{"o/","0"},{"P8","0"}]}.
{3938696188,"Host_3938696188",0.5,0.4995,[{"9e","2"},{"By","4"},{"GK","ao"},{"P8","1"},{"Ql","3"},{"nZ","2"},{"rs","3E"},{"w3","6"},{"o/","0"}]}.
{295000406,"Host_295000406",0.5,0.2493,[{"9e","2"},{"By","4"},{"GK","+B"},{"P8","1"},{"Ql","3"},{"nZ","2"},{"rs","xE"},{"w3","4"},{"o/","0"}]}.
{2851843,"Host_2851843",0.5,0.2493,[{"9e","2"},{"By","4"},{"GK","Fj"},{"Ql","2"},{"nZ","2"},{"rs","yK"},{"w3","4"},{"wN","2"},{"o/","0"},{"P8","0"}]}.
{568579734,"Host_568579734",0.5,0.2493,[{"9e","2"},{"By","4"},{"GK","on"},{"Ql","13"},{"nZ","2"},{"rs","o4"},{"w3","4"},{"o/","0"},{"P8","0"}]}.
{294994825,"Host_294994825",0.5,0.2493,[{"9e","2"},{"By","4"},{"GK","uj"},{"Ql","3"},{"nZ","2"},{"rs","xE"},{"w3","4"},{"wN","2"},{"o/","0"},{"P8","0"}]}.
{1390736743,"Host_1390736743",0.25,0.2498,[{"9e","3"},{"By","3"},{"GK","xg"},{"Ql","12"},{"nZ","1"},{"rs","F0"},{"w3","5"},{"wN","2"},{"o/","0"},{"P8","0"}]}.
{1436331127,"Host_1436331127",0.5,0.4995,[{"9e","2"},{"By","4"},{"GK","gr"},{"Ql","12"},{"nZ","2"},{"rs","1C"},{"w3","6"},{"wN","2"},{"o/","0"},{"P8","0"}]}.
{3915175944,"Host_3915175944",0.5,0.749,[{"9e","2"},{"By","4"},{"GK","cI"},{"P8","1"},{"Ql","13"},{"nZ","2"},{"rs","gU"},{"w3","9"},{"o/","0"}]}.
{3602506355,"Host_3602506355",0.5,0.4995,[{"9e","2"},{"By","4"},{"GK","4q"},{"Ql","3"},{"nZ","2"},{"rs","JX"},{"w3","6"},{"wN","2"},{"o/","0"},{"P8","0"}]}.
{3251096906,"Host_3251096906",0.25,0.2498,[{"9e","3"},{"By","3"},{"GK","C6"},{"Ql","12"},{"nZ","1"},{"rs","F0"},{"w3","5"},{"wN","2"},{"o/","0"},{"P8","0"}]}.
{2279516090,"Host_2279516090",0.5,0.2493,[{"9e","2"},{"By","4"},{"GK","Bj"},{"P8","1"},{"Ql","3"},{"nZ","2"},{"rs","Pi"},{"w3","4"},{"o/","0"}]}.
{421592,"Host_421592",0.5,0.4995,[{"9e","2"},{"By","4"},{"GK","ol"},{"Ql","3"},{"nZ","2"},{"rs","/a"},{"w3","6"},{"wN","2"},{"o/","0"},{"P8","0"}]}.
{4469331154,"Host_4469331154",0.5,0.4995,[{"9e","2"},{"By","4"},{"GK","iu"},{"Ql","2"},{"nZ","2"},{"rs","gC"},{"w3","6"},{"wN","2"},{"o/","0"},{"P8","0"}]}.
{1436359883,"Host_1436359883",0.5,0.4995,[{"9e","2"},{"By","4"},{"GK","pH"},{"Ql","3"},{"nZ","2"},{"rs","zl"},{"w3","6"},{"wN","2"},{"o/","0"},{"P8","0"}]}.
{902887,"Host_902887",0.5,0.4995,[{"9e","2"},{"By","4"},{"GK","SL"},{"P8","1"},{"Ql","3"},{"nZ","2"},{"rs","wn"},{"w3","6"},{"o/","0"}]}.
{711311,"Host_711311",0.5,0.4995,[{"9e","2"},{"By","4"},{"GK","/g"},{"P8","1"},{"Ql","3"},{"nZ","2"},{"rs","fr"},{"w3","6"},{"o/","0"}]}.
{2421295640,"Host_2421295640",0.5,0.749,[{"9e","2"},{"By","4"},{"GK","1r"},{"Ql","13"},{"nZ","2"},{"rs","gU"},{"w3","9"},{"wN","2"},{"o/","0"},{"P8","0"}]}.
{336026199,"Host_336026199",0.5,0.2493,[{"9e","2"},{"By","4"},{"GK","N9"},{"Ql","3"},{"nZ","2"},{"rs","y7"},{"w3","4"},{"wN","2"},{"o/","0"},{"P8","0"}]}.
{336032772,"Host_336032772",0.5,0.2493,[{"9e","2"},{"By","4"},{"GK","IF"},{"Ql","3"},{"nZ","2"},{"rs","E9"},{"w3","4"},{"wN","2"},{"o/","0"},{"P8","0"}]}.
{17504596,"Host_17504596",0.5,0.4995,[{"9e","2"},{"By","4"},{"GK","xp"},{"P8","1"},{"Ql","3"},{"nZ","2"},{"rs","Uc"},{"w3","6"},{"o/","0"}]}.
{257499200,"Host_257499200",0.5,0.2493,[{"9e","2"},{"By","4"},{"GK","+x"},{"Ql","13"},{"nZ","2"},{"rs","gS"},{"w3","4"},{"wN","2"},{"o/","0"},{"P8","0"}]}.
{257335479,"Host_257335479",0.5,0.749,[{"9e","2"},{"By","4"},{"GK","4Q"},{"P8","1"},{"Ql","13"},{"nZ","2"},{"rs","P9"},{"w3","9"},{"o/","0"}]}.
{317808376,"Host_317808376",0.5,0.749,[{"9e","2"},{"By","4"},{"GK","Pa"},{"P8","1"},{"Ql","12"},{"nZ","2"},{"rs","72"},{"w3","9"},{"o/","0"}]}.
{567917,"Host_567917",0.5,0.4995,[{"9e","2"},{"By","4"},{"GK","LC"},{"Ql","3"},{"nZ","2"},{"rs","nN"},{"w3","6"},{"wN","2"},{"o/","0"},{"P8","0"}]}.
{478267408,"Host_478267408",0.5,0.4995,[{"9e","2"},{"By","4"},{"GK","aI"},{"P8","1"},{"Ql","3"},{"nZ","2"},{"rs","v4"},{"w3","6"},{"o/","0"}]}.
{38643394,"Host_38643394",0.5,0.2493,[{"9e","2"},{"By","4"},{"GK","RH"},{"Ql","2"},{"nZ","2"},{"rs","3+"},{"w3","4"},{"wN","2"},{"o/","0"},{"P8","0"}]}.
{4304825559,"Host_4304825559",0.5,0.4995,[{"9e","2"},{"By","4"},{"GK","zW"},{"P8","1"},{"Ql","2"},{"nZ","2"},{"rs","ux"},{"w3","6"},{"o/","0"}]}.
{4802079544,"Host_4802079544",1,1,[{"9e","1"},{"By","2"},{"GK","EC"},{"P8","1"},{"Ql","3"},{"nZ","3"},{"rs","Bu"},{"w3","11"},{"o/","0"}]}.
{308148250,"Host_308148250",0.5,0.2493,[{"9e","2"},{"By","4"},{"GK","8b"},{"Ql","3"},{"nZ","2"},{"rs","OE"},{"w3","4"},{"wN","2"},{"o/","0"},{"P8","0"}]}.
{5015725340,"Host_5015725340",1,1,[{"9e","1"},{"By","2"},{"GK","7i"},{"P8","1"},{"Ql","14"},{"nZ","3"},{"rs","FC"},{"w3","11"},{"o/","0"}]}.
{257496098,"Host_257496098",0.5,0.2493,[{"9e","2"},{"By","4"},{"GK","H+"},{"Ql","13"},{"nZ","2"},{"rs","o4"},{"w3","4"},{"o/","0"},{"P8","0"}]}.
{6571120,"Host_6571120",0.5,0.4995,[{"9e","2"},{"By","4"},{"GK","8d"},{"P8","1"},{"Ql","3"},{"nZ","2"},{"rs","/i"},{"w3","6"},{"o/","0"}]}.
{4820246091,"Host_4820246091",1,1,[{"9e","1"},{"By","2"},{"GK","AW"},{"P8","1"},{"Ql","15"},{"nZ","3"},{"rs","fU"},{"w3","11"},{"o/","0"}]}.
{766874302,"Host_766874302",0.5,0.4995,[{"9e","2"},{"By","4"},{"GK","Pt"},{"P8","1"},{"Ql","3"},{"nZ","2"},{"rs","ZN"},{"w3","6"},{"o/","0"}]}.
{30788560,"Host_30788560",0.5,0.2493,[{"9e","2"},{"By","4"},{"GK","LY"},{"Ql","2"},{"nZ","2"},{"rs","MD"},{"w3","4"},{"wN","2"},{"o/","0"},{"P8","0"}]}.
{4152577737,"Host_4152577737",0.5,0.4995,[{"9e","2"},{"By","4"},{"GK","cK"},{"Ql","3"},{"nZ","2"},{"rs","+4"},{"w3","6"},{"wN","2"},{"o/","0"},{"P8","0"}]}.
{82756234,"Host_82756234",0.5,0.2493,[{"9e","2"},{"By","4"},{"GK","zj"},{"Ql","2"},{"nZ","2"},{"rs","mU"},{"w3","4"},{"wN","2"},{"o/","0"},{"P8","0"}]}.
{82756230,"Host_82756230",0.5,0.2493,[{"9e","2"},{"By","4"},{"GK","56"},{"Ql","2"},{"nZ","2"},{"rs","mU"},{"w3","4"},{"wN","2"},{"o/","0"},{"P8","0"}]}.
{1436345034,"Host_1436345034",0.5,0.4995,[{"9e","2"},{"By","4"},{"GK","Md"},{"Ql","3"},{"nZ","2"},{"rs","8m"},{"w3","6"},{"wN","2"},{"o/","0"},{"P8","0"}]}.
{554313139,"Host_554313139",0.5,0.4995,[{"9e","2"},{"By","4"},{"GK","5S"},{"Ql","3"},{"nZ","2"},{"rs","Uj"},{"w3","6"},{"wN","2"},{"o/","0"},{"P8","0"}]}.
{3938682936,"Host_3938682936",0.5,0.4995,[{"9e","2"},{"By","4"},{"GK","td"},{"P8","1"},{"Ql","3"},{"nZ","2"},{"rs","0K"},{"w3","6"},{"o/","0"}]}.
{2796955641,"Host_2796955641",0.5,0.4995,[{"9e","2"},{"By","4"},{"GK","Or"},{"Ql","13"},{"nZ","2"},{"rs","Kd"},{"w3","6"},{"wN","2"},{"o/","0"},{"P8","0"}]}.
{1269089,"Host_1269089",0.5,0.4995,[{"9e","2"},{"By","4"},{"GK","WE"},{"Ql","2"},{"nZ","2"},{"rs","Q5"},{"w3","6"},{"wN","2"},{"o/","0"},{"P8","0"}]}.
{1436357099,"Host_1436357099",0.5,0.2493,[{"9e","2"},{"By","4"},{"GK","7g"},{"Ql","3"},{"nZ","2"},{"rs","Mz"},{"w3","4"},{"wN","2"},{"o/","0"},{"P8","0"}]}.
{4475873866,"Host_4475873866",0.5,0.4995,[{"9e","2"},{"By","4"},{"GK","++"},{"P8","1"},{"Ql","3"},{"nZ","2"},{"rs","jA"},{"w3","6"},{"o/","0"}]}.
{317302929,"Host_317302929",0.5,0.749,[{"9e","2"},{"By","4"},{"GK","I0"},{"Ql","12"},{"nZ","2"},{"rs","6z"},{"w3","9"},{"wN","2"},{"o/","0"},{"P8","0"}]}.
{4820318122,"Host_4820318122",1,1,[{"9e","1"},{"By","2"},{"GK","Pw"},{"P8","1"},{"Ql","15"},{"nZ","3"},{"rs","mm"},{"w3","11"},{"o/","0"}]}.
{2098120681,"Host_2098120681",0.5,0.4995,[{"9e","2"},{"By","4"},{"GK","2N"},{"Ql","3"},{"nZ","2"},{"rs","HO"},{"w3","6"},{"wN","2"},{"o/","0"},{"P8","0"}]}.
{734320642,"Host_734320642",0.5,0.4995,[{"9e","2"},{"By","4"},{"GK","ih"},{"P8","1"},{"Ql","3"},{"nZ","2"},{"rs","jJ"},{"w3","6"},{"o/","0"}]}.
{4802491016,"Host_4802491016",1,1,[{"9e","1"},{"By","2"},{"GK","AG"},{"Ql","3"},{"nZ","3"},{"rs","zu"},{"w3","11"},{"wN","2"},{"o/","0"},{"P8","0"}]}.
{410834443,"Host_410834443",0.5,0.2493,[{"9e","2"},{"By","4"},{"GK","5l"},{"P8","1"},{"Ql","2"},{"nZ","2"},{"rs","Fh"},{"w3","4"},{"o/","0"}]}.
{2961229066,"Host_2961229066",0.5,0.749,[{"9e","2"},{"By","4"},{"GK","+e"},{"P8","1"},{"Ql","13"},{"nZ","2"},{"rs","3W"},{"w3","9"},{"o/","0"}]}.
{2671538428,"Host_2671538428",0.5,0.2493,[{"9e","2"},{"By","4"},{"GK","0D"},{"Ql","3"},{"nZ","2"},{"rs","nX"},{"w3","4"},{"wN","2"},{"o/","0"},{"P8","0"}]}.
{4821144149,"Host_4821144149",1,1,[{"9e","1"},{"By","2"},{"GK","KW"},{"P8","1"},{"Ql","15"},{"nZ","3"},{"rs","V7"},{"w3","11"},{"o/","0"}]}.
{32084088,"Host_32084088",0.5,0.2493,[{"9e","2"},{"By","4"},{"GK","19"},{"Ql","2"},{"nZ","2"},{"rs","3+"},{"w3","4"},{"wN","2"},{"o/","0"},{"P8","0"}]}.
{3338490772,"Host_3338490772",0.5,0.4995,[{"9e","2"},{"By","4"},{"GK","b1"},{"Ql","12"},{"nZ","2"},{"rs","ng"},{"w3","6"},{"wN","2"},{"o/","0"},{"P8","0"}]}.
{294933861,"Host_294933861",0.5,0.2493,[{"9e","2"},{"By","4"},{"GK","wp"},{"P8","1"},{"Ql","3"},{"nZ","2"},{"rs","9h"},{"w3","4"},{"o/","0"}]}.
{47599262,"Host_47599262",0.5,0.4995,[{"9e","2"},{"By","4"},{"GK","Z0"},{"P8","1"},{"Ql","3"},{"nZ","2"},{"rs","8m"},{"w3","6"},{"o/","0"}]}.
{655986468,"Host_655986468",0.5,0.4995,[{"9e","2"},{"By","4"},{"GK","hK"},{"Ql","12"},{"nZ","2"},{"rs","nm"},{"w3","6"},{"wN","2"},{"o/","0"},{"P8","0"}]}.
{998338022,"Host_998338022",0.5,0.4995,[{"9e","2"},{"By","4"},{"GK","be"},{"Ql","3"},{"nZ","2"},{"rs","n1"},{"w3","6"},{"wN","2"},{"o/","0"},{"P8","0"}]}.
{711104,"Host_711104",0.5,0.4995,[{"9e","2"},{"By","4"},{"GK","iV"},{"Ql","3"},{"nZ","2"},{"rs","Bh"},{"w3","6"},{"wN","2"},{"o/","0"},{"P8","0"}]}.
{907085,"Host_907085",0.5,0.4995,[{"9e","2"},{"By","4"},{"GK","dH"},{"P8","1"},{"Ql","3"},{"nZ","2"},{"rs","kX"},{"w3","6"},{"o/","0"}]}.
{2544709713,"Host_2544709713",0.5,0.4995,[{"9e","2"},{"By","4"},{"GK","7R"},{"Ql","13"},{"nZ","2"},{"rs","Gj"},{"w3","6"},{"wN","2"},{"o/","0"},{"P8","0"}]}.
{4820107181,"Host_4820107181",1,1,[{"9e","1"},{"By","2"},{"GK","n7"},{"P8","1"},{"Ql","15"},{"nZ","3"},{"rs","rb"},{"w3","11"},{"o/","0"}]}.
{351642421,"Host_351642421",0.5,0.4995,[{"9e","2"},{"By","4"},{"GK","9Z"},{"Ql","13"},{"nZ","2"},{"rs","yj"},{"w3","6"},{"wN","2"},{"o/","0"},{"P8","0"}]}.
{351642820,"Host_351642820",0.5,0.4995,[{"9e","2"},{"By","4"},{"GK","cb"},{"Ql","13"},{"nZ","2"},{"rs","yj"},{"w3","6"},{"wN","2"},{"o/","0"},{"P8","0"}]}.
{400512653,"Host_400512653",0.5,0.4995,[{"9e","2"},{"By","4"},{"GK","1D"},{"Ql","3"},{"nZ","2"},{"rs","Um"},{"w3","6"},{"wN","2"},{"o/","0"},{"P8","0"}]}.
{1271688,"Host_1271688",0.5,0.2493,[{"9e","2"},{"By","4"},{"GK","LX"},{"Ql","3"},{"nZ","2"},{"rs","WA"},{"w3","4"},{"wN","2"},{"o/","0"},{"P8","0"}]}.
{6564780,"Host_6564780",0.5,0.4995,[{"9e","2"},{"By","4"},{"GK","rQ"},{"Ql","3"},{"nZ","2"},{"rs","a3"},{"w3","6"},{"wN","2"},{"o/","0"},{"P8","0"}]}.
{2893929809,"Host_2893929809",0.5,0.4995,[{"9e","2"},{"By","4"},{"GK","V6"},{"Ql","3"},{"nZ","2"},{"rs","zl"},{"w3","6"},{"wN","2"},{"o/","0"},{"P8","0"}]}.
{257406178,"Host_257406178",0.5,0.749,[{"9e","2"},{"By","4"},{"GK","N7"},{"Ql","13"},{"nZ","2"},{"rs","60"},{"w3","9"},{"wN","2"},{"o/","0"},{"P8","0"}]}.
{257347735,"Host_257347735",0.5,0.749,[{"9e","2"},{"By","4"},{"GK","4M"},{"Ql","13"},{"nZ","2"},{"rs","yF"},{"w3","9"},{"wN","2"},{"o/","0"},{"P8","0"}]}.
{539222591,"Host_539222591",0.5,0.4995,[{"9e","2"},{"By","4"},{"GK","Ud"},{"Ql","13"},{"nZ","2"},{"rs","NH"},{"w3","6"},{"wN","2"},{"o/","0"},{"P8","0"}]}.
{1268958,"Host_1268958",0.5,0.4995,[{"9e","2"},{"By","4"},{"GK","Gq"},{"Ql","3"},{"nZ","2"},{"rs","q5"},{"w3","6"},{"wN","2"},{"o/","0"},{"P8","0"}]}.
{6566540,"Host_6566540",0.5,0.4995,[{"9e","2"},{"By","4"},{"GK","jg"},{"Ql","3"},{"nZ","2"},{"rs","yh"},{"w3","6"},{"wN","2"},{"o/","0"},{"P8","0"}]}.
{336047573,"Host_336047573",0.5,0.2493,[{"9e","2"},{"By","4"},{"GK","+2"},{"Ql","3"},{"nZ","2"},{"rs","7D"},{"w3","4"},{"wN","2"},{"o/","0"},{"P8","0"}]}.
{4820073668,"Host_4820073668",1,1,[{"9e","1"},{"By","2"},{"GK","uF"},{"P8","1"},{"Ql","15"},{"nZ","3"},{"rs","PP"},{"w3","11"},{"o/","0"}]}.
{351598125,"Host_351598125",0.5,0.4995,[{"9e","2"},{"By","4"},{"GK","fJ"},{"Ql","13"},{"nZ","2"},{"rs","T0"},{"w3","6"},{"wN","2"},{"o/","0"},{"P8","0"}]}.
{38751130,"Host_38751130",0.5,0.2493,[{"9e","2"},{"By","4"},{"GK","4w"},{"P8","1"},{"Ql","2"},{"nZ","2"},{"rs","xL"},{"w3","4"},{"o/","0"}]}.
{3938737313,"Host_3938737313",0.5,0.4995,[{"9e","2"},{"By","4"},{"GK","/s"},{"P8","1"},{"Ql","3"},{"nZ","2"},{"rs","aZ"},{"w3","6"},{"o/","0"}]}.
{1436807532,"Host_1436807532",0.5,0.2493,[{"9e","2"},{"By","4"},{"GK","Hs"},{"Ql","3"},{"nZ","2"},{"rs","Wv"},{"w3","4"},{"wN","2"},{"o/","0"},{"P8","0"}]}.
{336069369,"Host_336069369",0.5,0.2493,[{"9e","2"},{"By","4"},{"GK","xn"},{"Ql","3"},{"nZ","2"},{"rs","LF"},{"w3","4"},{"wN","2"},{"o/","0"},{"P8","0"}]}.
{3313055599,"Host_3313055599",0.5,0.4995,[{"9e","2"},{"By","4"},{"GK","cG"},{"P8","1"},{"Ql","3"},{"nZ","2"},{"rs","Vd"},{"w3","6"},{"o/","0"}]}.
{1076877375,"Host_1076877375",0.5,0.4995,[{"9e","2"},{"By","4"},{"GK","s6"},{"Ql","13"},{"nZ","2"},{"rs","Tb"},{"w3","6"},{"wN","2"},{"o/","0"},{"P8","0"}]}.
{4820137260,"Host_4820137260",1,1,[{"9e","1"},{"By","2"},{"GK","rD"},{"P8","1"},{"Ql","14"},{"nZ","3"},{"rs","Zg"},{"w3","11"},{"o/","0"}]}.
{353704085,"Host_353704085",0.5,0.4995,[{"9e","2"},{"By","4"},{"GK","km"},{"Ql","13"},{"nZ","2"},{"rs","oK"},{"w3","6"},{"wN","2"},{"o/","0"},{"P8","0"}]}.
{1271583,"Host_1271583",0.5,0.4995,[{"9e","2"},{"By","4"},{"GK","tJ"},{"Ql","3"},{"nZ","2"},{"rs","Xj"},{"w3","6"},{"wN","2"},{"o/","0"},{"P8","0"}]}.
{2597181568,"Host_2597181568",0.5,0.4995,[{"9e","2"},{"By","4"},{"GK","KN"},{"Ql","3"},{"nZ","2"},{"rs","MR"},{"w3","6"},{"wN","2"},{"o/","0"},{"P8","0"}]}.
{257348783,"Host_257348783",0.5,0.749,[{"9e","2"},{"By","4"},{"GK","1D"},{"P8","1"},{"Ql","13"},{"nZ","2"},{"rs","12"},{"w3","9"},{"o/","0"}]}.
{6607989,"Host_6607989",0.5,0.4995,[{"9e","2"},{"By","4"},{"GK","1z"},{"P8","1"},{"Ql","3"},{"nZ","2"},{"rs","Up"},{"w3","6"},{"o/","0"}]}.
{660766,"Host_660766",0.5,0.4995,[{"9e","2"},{"By","4"},{"GK","Vq"},{"Ql","3"},{"nZ","2"},{"rs","Tc"},{"w3","6"},{"wN","2"},{"o/","0"},{"P8","0"}]}.
{1436299544,"Host_1436299544",0.5,0.4995,[{"9e","2"},{"By","4"},{"GK","O8"},{"Ql","3"},{"nZ","2"},{"rs","Lf"},{"w3","6"},{"wN","2"},{"o/","0"},{"P8","0"}]}.
{1094922,"Host_1094922",0.5,0.2493,[{"9e","2"},{"By","4"},{"GK","k+"},{"P8","1"},{"Ql","3"},{"nZ","2"},{"rs","Wv"},{"w3","4"},{"o/","0"}]}.
{17503798,"Host_17503798",0.5,0.4995,[{"9e","2"},{"By","4"},{"GK","ty"},{"Ql","3"},{"nZ","2"},{"rs","q6"},{"w3","6"},{"wN","2"},{"o/","0"},{"P8","0"}]}.
{4477656829,"Host_4477656829",0.5,0.4995,[{"9e","2"},{"By","4"},{"GK","gT"},{"Ql","3"},{"nZ","2"},{"rs","fq"},{"w3","6"},{"wN","2"},{"o/","0"},{"P8","0"}]}.
{1271936,"Host_1271936",0.5,0.4995,[{"9e","2"},{"By","4"},{"GK","GT"},{"Ql","3"},{"nZ","2"},{"rs","sS"},{"w3","6"},{"wN","2"},{"o/","0"},{"P8","0"}]}.
{257502062,"Host_257502062",0.5,0.2493,[{"9e","2"},{"By","4"},{"GK","Na"},{"Ql","13"},{"nZ","2"},{"rs","AD"},{"w3","4"},{"wN","2"},{"o/","0"},{"P8","0"}]}.
{5128031787,"Host_5128031787",1,1,[{"9e","1"},{"By","2"},{"GK","vQ"},{"P8","1"},{"Ql","15"},{"nZ","3"},{"rs","/e"},{"w3","11"},{"o/","0"}]}.
{17504585,"Host_17504585",0.5,0.4995,[{"9e","2"},{"By","4"},{"GK","b6"},{"P8","1"},{"Ql","3"},{"nZ","2"},{"rs","Dx"},{"w3","6"},{"o/","0"}]}.
{257395892,"Host_257395892",0.5,0.749,[{"9e","2"},{"By","4"},{"GK","AE"},{"Ql","13"},{"nZ","2"},{"rs","SF"},{"w3","9"},{"wN","2"},{"o/","0"},{"P8","0"}]}.
{6567824,"Host_6567824",0.5,0.4995,[{"9e","2"},{"By","4"},{"GK","H2"},{"P8","1"},{"Ql","3"},{"nZ","2"},{"rs","Wv"},{"w3","6"},{"o/","0"}]}.
{6566751,"Host_6566751",0.5,0.4995,[{"9e","2"},{"By","4"},{"GK","TI"},{"P8","1"},{"Ql","3"},{"nZ","2"},{"rs","/i"},{"w3","6"},{"o/","0"}]}.
{766891110,"Host_766891110",0.5,0.4995,[{"9e","2"},{"By","4"},{"GK","zz"},{"Ql","3"},{"nZ","2"},{"rs","bK"},{"w3","6"},{"wN","2"},{"o/","0"},{"P8","0"}]}.
{317302923,"Host_317302923",0.5,0.749,[{"9e","2"},{"By","4"},{"GK","zG"},{"Ql","13"},{"nZ","2"},{"rs","6z"},{"w3","9"},{"wN","2"},{"o/","0"},{"P8","0"}]}.
{351648235,"Host_351648235",0.5,0.4995,[{"9e","2"},{"By","4"},{"GK","Jt"},{"P8","1"},{"Ql","13"},{"nZ","2"},{"rs","3l"},{"w3","6"},{"o/","0"}]}.
{85352383,"Host_85352383",0.5,0.2493,[{"9e","2"},{"By","4"},{"GK","L2"},{"Ql","2"},{"nZ","2"},{"rs","MA"},{"w3","4"},{"wN","2"},{"o/","0"},{"P8","0"}]}.
{717763,"Host_717763",0.5,0.4995,[{"9e","2"},{"By","4"},{"GK","Az"},{"Ql","3"},{"nZ","2"},{"rs","Uj"},{"w3","6"},{"wN","2"},{"o/","0"},{"P8","0"}]}.
{207923948,"Host_207923948",0.5,0.4995,[{"9e","2"},{"By","4"},{"GK","Kr"},{"Ql","3"},{"nZ","2"},{"rs","bK"},{"w3","6"},{"wN","2"},{"o/","0"},{"P8","0"}]}.
{6641447,"Host_6641447",0.5,0.4995,[{"9e","2"},{"By","4"},{"GK","hp"},{"Ql","3"},{"nZ","2"},{"rs","Vq"},{"w3","6"},{"wN","2"},{"o/","0"},{"P8","0"}]}.
{351650179,"Host_351650179",0.5,0.4995,[{"9e","2"},{"By","4"},{"GK","aH"},{"P8","1"},{"Ql","13"},{"nZ","2"},{"rs","y5"},{"w3","6"},{"o/","0"}]}.
{708500090,"Host_708500090",0.5,0.4995,[{"9e","2"},{"By","4"},{"GK","L4"},{"Ql","3"},{"nZ","2"},{"rs","+l"},{"w3","6"},{"wN","2"},{"o/","0"},{"P8","0"}]}.
{4477188546,"Host_4477188546",0.5,0.4995,[{"9e","2"},{"By","4"},{"GK","Z8"},{"Ql","3"},{"nZ","2"},{"rs","be"},{"w3","6"},{"wN","2"},{"o/","0"},{"P8","0"}]}.
{644879424,"Host_644879424",0.5,0.4995,[{"9e","2"},{"By","4"},{"GK","4D"},{"Ql","3"},{"nZ","2"},{"rs","Sm"},{"w3","6"},{"wN","2"},{"o/","0"},{"P8","0"}]}.
{1274753,"Host_1274753",0.5,0.4995,[{"9e","2"},{"By","4"},{"GK","T1"},{"Ql","3"},{"nZ","2"},{"rs","8J"},{"w3","6"},{"wN","2"},{"o/","0"},{"P8","0"}]}.
{317495557,"Host_317495557",0.5,0.2493,[{"9e","2"},{"By","4"},{"GK","n8"},{"Ql","13"},{"nZ","2"},{"rs","HS"},{"w3","4"},{"wN","2"},{"o/","0"},{"P8","0"}]}.
{4820059525,"Host_4820059525",1,1,[{"9e","1"},{"By","2"},{"GK","RL"},{"P8","1"},{"Ql","14"},{"nZ","3"},{"rs","OI"},{"w3","11"},{"o/","0"}]}.
{351662746,"Host_351662746",0.5,0.4995,[{"9e","2"},{"By","4"},{"GK","zl"},{"Ql","13"},{"nZ","2"},{"rs","M4"},{"w3","6"},{"wN","2"},{"o/","0"},{"P8","0"}]}.
{3938905087,"Host_3938905087",0.5,0.4995,[{"9e","2"},{"By","4"},{"GK","XL"},{"P8","1"},{"Ql","3"},{"nZ","2"},{"rs","g9"},{"w3","6"},{"o/","0"}]}.
{4820073870,"Host_4820073870",1,1,[{"9e","1"},{"By","2"},{"GK","7F"},{"P8","1"},{"Ql","15"},{"nZ","3"},{"rs","OI"},{"w3","11"},{"o/","0"}]}.
{1629639482,"Host_1629639482",0.5,0.4995,[{"9e","2"},{"By","4"},{"GK","DB"},{"Ql","2"},{"nZ","2"},{"rs","Ed"},{"w3","6"},{"wN","2"},{"o/","0"},{"P8","0"}]}.
{2924160186,"Host_2924160186",0.5,0.4995,[{"9e","2"},{"By","4"},{"GK","r9"},{"P8","1"},{"Ql","12"},{"nZ","2"},{"rs","HM"},{"w3","6"},{"o/","0"}]}.
{367886055,"Host_367886055",0.5,0.2493,[{"9e","2"},{"By","4"},{"GK","iU"},{"P8","1"},{"Ql","3"},{"nZ","2"},{"rs","4A"},{"w3","4"},{"o/","0"}]}.
{294763364,"Host_294763364",0.5,0.2493,[{"9e","2"},{"By","4"},{"GK","nC"},{"P8","1"},{"Ql","3"},{"nZ","2"},{"rs","JP"},{"w3","4"},{"o/","0"}]}.
{1442994745,"Host_1442994745",0.5,0.4995,[{"9e","2"},{"By","4"},{"GK","m4"},{"P8","1"},{"Ql","12"},{"nZ","2"},{"rs","1C"},{"w3","6"},{"o/","0"}]}.
{1335133,"Host_1335133",0.5,0.2493,[{"9e","2"},{"By","4"},{"GK","Z/"},{"Ql","2"},{"nZ","2"},{"rs","zS"},{"w3","4"},{"wN","2"},{"o/","0"},{"P8","0"}]}.
{4820248458,"Host_4820248458",1,1,[{"9e","1"},{"By","2"},{"GK","99"},{"P8","1"},{"Ql","15"},{"nZ","3"},{"rs","8K"},{"w3","11"},{"o/","0"}]}.
{4820149848,"Host_4820149848",1,1,[{"9e","1"},{"By","2"},{"GK","xt"},{"P8","1"},{"Ql","15"},{"nZ","3"},{"rs","52"},{"w3","11"},{"o/","0"}]}.
{682801,"Host_682801",0.5,0.4995,[{"9e","2"},{"By","4"},{"GK","uA"},{"Ql","3"},{"nZ","2"},{"rs","n1"},{"w3","6"},{"wN","2"},{"o/","0"},{"P8","0"}]}.
{336061915,"Host_336061915",0.5,0.2493,[{"9e","2"},{"By","4"},{"GK","Dp"},{"P8","1"},{"Ql","3"},{"nZ","2"},{"rs","Xa"},{"w3","4"},{"o/","0"}]}.
{317488690,"Host_317488690",0.5,0.749,[{"9e","2"},{"By","4"},{"GK","RN"},{"Ql","13"},{"nZ","2"},{"rs","XW"},{"w3","9"},{"wN","2"},{"o/","0"},{"P8","0"}]}.
{336048126,"Host_336048126",0.5,0.2493,[{"9e","2"},{"By","4"},{"GK","2Y"},{"Ql","3"},{"nZ","2"},{"rs","tT"},{"w3","4"},{"wN","2"},{"o/","0"},{"P8","0"}]}.
{257395976,"Host_257395976",0.5,0.749,[{"9e","2"},{"By","4"},{"GK","ZZ"},{"Ql","13"},{"nZ","2"},{"rs","d7"},{"w3","9"},{"wN","2"},{"o/","0"},{"P8","0"}]}.
{376271362,"Host_376271362",0.5,0.4995,[{"9e","2"},{"By","4"},{"GK","c2"},{"P8","1"},{"Ql","13"},{"nZ","2"},{"rs","MW"},{"w3","6"},{"o/","0"}]}.
{4027200724,"Host_4027200724",0.25,0.2498,[{"9e","3"},{"By","3"},{"GK","Tt"},{"Ql","13"},{"nZ","1"},{"rs","mk"},{"w3","5"},{"wN","2"},{"o/","0"},{"P8","0"}]}.
{63619234,"Host_63619234",0.5,0.2493,[{"9e","2"},{"By","4"},{"GK","pE"},{"Ql","3"},{"nZ","2"},{"rs","I3"},{"w3","4"},{"wN","2"},{"o/","0"},{"P8","0"}]}.
{336038488,"Host_336038488",0.5,0.2493,[{"9e","2"},{"By","4"},{"GK","BS"},{"Ql","3"},{"nZ","2"},{"rs","Mp"},{"w3","4"},{"wN","2"},{"o/","0"},{"P8","0"}]}.
{854831961,"Host_854831961",0.5,0.4995,[{"9e","2"},{"By","4"},{"GK","Ns"},{"Ql","3"},{"nZ","2"},{"rs","ie"},{"w3","6"},{"wN","2"},{"o/","0"},{"P8","0"}]}.
{5788964,"Host_5788964",0.5,0.2493,[{"9e","2"},{"By","4"},{"GK","u2"},{"Ql","12"},{"nZ","2"},{"rs","Om"},{"w3","4"},{"wN","2"},{"o/","0"},{"P8","0"}]}.
{2596561774,"Host_2596561774",0.5,0.4995,[{"9e","2"},{"By","4"},{"GK","/J"},{"P8","1"},{"Ql","3"},{"nZ","2"},{"rs","MR"},{"w3","6"},{"o/","0"}]}.
{350741985,"Host_350741985",0.5,0.2493,[{"9e","2"},{"By","4"},{"GK","xs"},{"Ql","13"},{"nZ","2"},{"rs","Tb"},{"w3","4"},{"wN","2"},{"o/","0"},{"P8","0"}]}.
{4478967491,"Host_4478967491",0.5,0.4995,[{"9e","2"},{"By","4"},{"GK","Bq"},{"Ql","3"},{"nZ","2"},{"rs","Bh"},{"w3","6"},{"wN","2"},{"o/","0"},{"P8","0"}]}.
{1602467098,"Host_1602467098",0.5,0.4995,[{"9e","2"},{"By","4"},{"GK","Sc"},{"P8","1"},{"Ql","3"},{"nZ","2"},{"rs","Yi"},{"w3","6"},{"o/","0"}]}.
{288802320,"Host_288802320",0.5,0.2493,[{"9e","2"},{"By","4"},{"GK","7B"},{"Ql","3"},{"nZ","2"},{"rs","ov"},{"w3","4"},{"wN","2"},{"o/","0"},{"P8","0"}]}.
{61014839,"Host_61014839",0.5,0.2493,[{"9e","2"},{"By","4"},{"GK","Oh"},{"Ql","3"},{"nZ","2"},{"rs","Fh"},{"w3","4"},{"wN","2"},{"o/","0"},{"P8","0"}]}.
{766802,"Host_766802",0.5,0.4995,[{"9e","2"},{"By","4"},{"GK","Jm"},{"Ql","3"},{"nZ","2"},{"rs","5Y"},{"w3","6"},{"wN","2"},{"o/","0"},{"P8","0"}]}.
{1436311701,"Host_1436311701",0.5,0.4995,[{"9e","2"},{"By","4"},{"GK","05"},{"Ql","3"},{"nZ","2"},{"rs","E4"},{"w3","6"},{"wN","2"},{"o/","0"},{"P8","0"}]}.
{294492172,"Host_294492172",0.5,0.2493,[{"9e","2"},{"By","4"},{"GK","WQ"},{"P8","1"},{"Ql","3"},{"nZ","2"},{"rs","LF"},{"w3","4"},{"o/","0"}]}.
{38675387,"Host_38675387",0.5,0.2493,[{"9e","2"},{"By","4"},{"GK","tK"},{"Ql","2"},{"nZ","2"},{"rs","lp"},{"w3","4"},{"wN","2"},{"o/","0"},{"P8","0"}]}.
{2097465628,"Host_2097465628",0.5,0.4995,[{"9e","2"},{"By","4"},{"GK","rU"},{"Ql","3"},{"nZ","2"},{"rs","HO"},{"w3","6"},{"wN","2"},{"o/","0"},{"P8","0"}]}.
{336038688,"Host_336038688",0.5,0.2493,[{"9e","2"},{"By","4"},{"GK","Ym"},{"Ql","3"},{"nZ","2"},{"rs","si"},{"w3","4"},{"wN","2"},{"o/","0"},{"P8","0"}]}.
{1094639,"Host_1094639",0.5,0.4995,[{"9e","2"},{"By","4"},{"GK","Bc"},{"P8","1"},{"Ql","3"},{"nZ","2"},{"rs","os"},{"w3","6"},{"o/","0"}]}.
{599770,"Host_599770",0.5,0.4995,[{"9e","2"},{"By","4"},{"GK","w5"},{"Ql","3"},{"nZ","2"},{"rs","kM"},{"w3","6"},{"wN","2"},{"o/","0"},{"P8","0"}]}.
{3863382395,"Host_3863382395",0.5,0.2493,[{"9e","2"},{"By","4"},{"GK","WN"},{"Ql","3"},{"nZ","2"},{"o/","1"},{"rs","Ay"},{"w3","4"},{"P8","0"}]}.
{288775343,"Host_288775343",0.5,0.2493,[{"9e","2"},{"By","4"},{"GK","rs"},{"P8","1"},{"Ql","3"},{"nZ","2"},{"rs","I3"},{"w3","4"},{"o/","0"}]}.
{4820076688,"Host_4820076688",1,1,[{"9e","1"},{"By","2"},{"GK","xq"},{"P8","1"},{"Ql","15"},{"nZ","3"},{"rs","mm"},{"w3","11"},{"o/","0"}]}.
{318388092,"Host_318388092",0.5,0.2493,[{"9e","2"},{"By","4"},{"GK","x3"},{"Ql","13"},{"nZ","2"},{"rs","Mb"},{"w3","4"},{"wN","2"},{"o/","0"},{"P8","0"}]}.
{277431430,"Host_277431430",0.5,0.2493,[{"9e","2"},{"By","4"},{"GK","it"},{"Ql","2"},{"nZ","2"},{"rs","aq"},{"w3","4"},{"wN","2"},{"o/","0"},{"P8","0"}]}.
{682307,"Host_682307",0.5,0.4995,[{"9e","2"},{"By","4"},{"GK","3l"},{"P8","1"},{"Ql","3"},{"nZ","2"},{"rs","bK"},{"w3","6"},{"o/","0"}]}.
{431037417,"Host_431037417",0.5,0.4995,[{"9e","2"},{"By","4"},{"GK","Vq"},{"Ql","12"},{"nZ","2"},{"rs","xw"},{"w3","6"},{"wN","2"},{"o/","0"},{"P8","0"}]}.
{789748633,"Host_789748633",0.5,0.4995,[{"9e","2"},{"By","4"},{"GK","Km"},{"P8","1"},{"Ql","13"},{"nZ","2"},{"rs","MW"},{"w3","6"},{"o/","0"}]}.
{359917079,"Host_359917079",0.5,0.2493,[{"9e","2"},{"By","4"},{"GK","Hr"},{"P8","1"},{"Ql","3"},{"nZ","2"},{"rs","0Y"},{"w3","4"},{"o/","0"}]}.
{1677088523,"Host_1677088523",0.5,0.4995,[{"9e","2"},{"By","4"},{"GK","qO"},{"P8","1"},{"Ql","3"},{"nZ","2"},{"rs","D1"},{"w3","6"},{"o/","0"}]}.
{16909011,"Host_16909011",0.5,0.2493,[{"9e","2"},{"By","4"},{"GK","hr"},{"Ql","12"},{"nZ","2"},{"rs","uR"},{"w3","4"},{"wN","2"},{"o/","0"},{"P8","0"}]}.
{351690642,"Host_351690642",0.5,0.4995,[{"9e","2"},{"By","4"},{"GK","16"},{"P8","1"},{"Ql","13"},{"nZ","2"},{"rs","MW"},{"w3","6"},{"o/","0"}]}.
{177525249,"Host_177525249",0.5,0.4995,[{"9e","2"},{"By","4"},{"GK","Ld"},{"P8","1"},{"Ql","3"},{"nZ","2"},{"rs","MT"},{"w3","6"},{"o/","0"}]}.
{13010104,"Host_13010104",0.5,0.2493,[{"9e","2"},{"By","4"},{"GK","WG"},{"Ql","2"},{"nZ","2"},{"rs","yK"},{"w3","4"},{"wN","2"},{"o/","0"},{"P8","0"}]}.
{336045945,"Host_336045945",0.5,0.2493,[{"9e","2"},{"By","4"},{"GK","vl"},{"P8","1"},{"Ql","3"},{"nZ","2"},{"rs","7D"},{"w3","4"},{"o/","0"}]}.
{294924809,"Host_294924809",0.5,0.2493,[{"9e","2"},{"By","4"},{"GK","PV"},{"P8","1"},{"Ql","3"},{"nZ","2"},{"rs","J8"},{"w3","4"},{"o/","0"}]}.
{3867931922,"Host_3867931922",0.5,0.2493,[{"9e","2"},{"By","4"},{"GK","KU"},{"P8","1"},{"Ql","13"},{"nZ","2"},{"rs","4U"},{"w3","4"},{"o/","0"}]}.
{1272668,"Host_1272668",0.5,0.4995,[{"9e","2"},{"By","4"},{"GK","HL"},{"Ql","3"},{"nZ","2"},{"rs","q5"},{"w3","6"},{"wN","2"},{"o/","0"},{"P8","0"}]}.
{2852571,"Host_2852571",0.5,0.2493,[{"9e","2"},{"By","4"},{"GK","3y"},{"Ql","2"},{"nZ","2"},{"rs","U7"},{"w3","4"},{"wN","2"},{"o/","0"},{"P8","0"}]}.
{3545370758,"Host_3545370758",0.5,0.4995,[{"9e","2"},{"By","4"},{"GK","Gm"},{"P8","1"},{"Ql","3"},{"nZ","2"},{"rs","6J"},{"w3","6"},{"o/","0"}]}.
{38668566,"Host_38668566",0.5,0.2493,[{"9e","2"},{"By","4"},{"GK","AL"},{"Ql","2"},{"nZ","2"},{"rs","xL"},{"w3","4"},{"wN","2"},{"o/","0"},{"P8","0"}]}.
{1271116,"Host_1271116",0.5,0.4995,[{"9e","2"},{"By","4"},{"GK","0a"},{"P8","1"},{"Ql","2"},{"nZ","2"},{"rs","ph"},{"w3","6"},{"o/","0"}]}.
{336061703,"Host_336061703",0.5,0.2493,[{"9e","2"},{"By","4"},{"GK","6m"},{"Ql","3"},{"nZ","2"},{"rs","Xa"},{"w3","4"},{"wN","2"},{"o/","0"},{"P8","0"}]}.
{284783798,"Host_284783798",0.5,0.4995,[{"9e","2"},{"By","4"},{"GK","F0"},{"Ql","2"},{"nZ","2"},{"rs","Xg"},{"w3","6"},{"wN","2"},{"o/","0"},{"P8","0"}]}.
{4820022347,"Host_4820022347",1,1,[{"9e","1"},{"By","2"},{"GK","Lm"},{"P8","1"},{"Ql","15"},{"nZ","3"},{"rs","yk"},{"w3","11"},{"o/","0"}]}.
{3128230631,"Host_3128230631",0.5,0.2493,[{"9e","2"},{"By","4"},{"GK","M1"},{"P8","1"},{"Ql","2"},{"nZ","2"},{"rs","jK"},{"w3","4"},{"o/","0"}]}.
{1334665910,"Host_1334665910",0.5,0.4995,[{"9e","2"},{"By","4"},{"GK","ik"},{"Ql","3"},{"nZ","2"},{"rs","AT"},{"w3","6"},{"wN","2"},{"o/","0"},{"P8","0"}]}.
{317470592,"Host_317470592",0.5,0.749,[{"9e","2"},{"By","4"},{"GK","j1"},{"Ql","13"},{"nZ","2"},{"rs","dO"},{"w3","9"},{"wN","2"},{"o/","0"},{"P8","0"}]}.
{905595,"Host_905595",0.5,0.4995,[{"9e","2"},{"By","4"},{"GK","VP"},{"P8","1"},{"Ql","3"},{"nZ","2"},{"rs","Gt"},{"w3","6"},{"o/","0"}]}.
{1274255,"Host_1274255",0.5,0.4995,[{"9e","2"},{"By","4"},{"GK","BN"},{"Ql","3"},{"nZ","2"},{"rs","8J"},{"w3","6"},{"wN","2"},{"o/","0"},{"P8","0"}]}.
{351661435,"Host_351661435",0.5,0.4995,[{"9e","2"},{"By","4"},{"GK","VX"},{"P8","1"},{"Ql","13"},{"nZ","2"},{"rs","0c"},{"w3","6"},{"o/","0"}]}.
{2850421,"Host_2850421",0.5,0.2493,[{"9e","2"},{"By","4"},{"GK","u2"},{"Ql","2"},{"nZ","2"},{"rs","qF"},{"w3","4"},{"wN","2"},{"o/","0"},{"P8","0"}]}.
{3351469121,"Host_3351469121",0.5,0.749,[{"9e","2"},{"By","4"},{"GK","ve"},{"Ql","13"},{"nZ","2"},{"rs","CQ"},{"w3","9"},{"wN","2"},{"o/","0"},{"P8","0"}]}.
{317487770,"Host_317487770",0.5,0.749,[{"9e","2"},{"By","4"},{"GK","zU"},{"Ql","13"},{"nZ","2"},{"rs","lQ"},{"w3","9"},{"wN","2"},{"o/","0"},{"P8","0"}]}.
{317477960,"Host_317477960",0.5,0.749,[{"9e","2"},{"By","4"},{"GK","C+"},{"P8","1"},{"Ql","13"},{"nZ","2"},{"rs","bi"},{"w3","9"},{"o/","0"}]}.
{30788847,"Host_30788847",0.5,0.2493,[{"9e","2"},{"By","4"},{"GK","KL"},{"Ql","2"},{"nZ","2"},{"rs","Gk"},{"w3","4"},{"wN","2"},{"o/","0"},{"P8","0"}]}.
{351664161,"Host_351664161",0.5,0.4995,[{"9e","2"},{"By","4"},{"GK","b1"},{"Ql","13"},{"nZ","2"},{"rs","1g"},{"w3","6"},{"wN","2"},{"o/","0"},{"P8","0"}]}.
{484215981,"Host_484215981",0.5,0.4995,[{"9e","2"},{"By","4"},{"GK","sv"},{"Ql","3"},{"nZ","2"},{"rs","7c"},{"w3","6"},{"wN","2"},{"o/","0"},{"P8","0"}]}.
{6,"Host_6",0.5,0.2493,[{"9e","2"},{"By","4"},{"GK","NP"},{"Ql","2"},{"nZ","2"},{"rs","53"},{"w3","4"},{"wN","2"},{"o/","0"},{"P8","0"}]}.
{418574,"Host_418574",0.5,0.4995,[{"9e","2"},{"By","4"},{"GK","rl"},{"Ql","3"},{"nZ","2"},{"rs","OB"},{"w3","6"},{"wN","2"},{"o/","0"},{"P8","0"}]}.
{3868878023,"Host_3868878023",0.5,0.2493,[{"9e","2"},{"By","4"},{"GK","OF"},{"Ql","3"},{"nZ","2"},{"rs","aJ"},{"w3","4"},{"wN","2"},{"o/","0"},{"P8","0"}]}.
{988134,"Host_988134",0.5,0.4995,[{"9e","2"},{"By","4"},{"GK","jg"},{"Ql","3"},{"nZ","2"},{"rs","GG"},{"w3","6"},{"wN","2"},{"o/","0"},{"P8","0"}]}.
{372640558,"Host_372640558",0.5,0.4995,[{"9e","2"},{"By","4"},{"GK","pp"},{"Ql","13"},{"nZ","2"},{"rs","T0"},{"w3","6"},{"wN","2"},{"o/","0"},{"P8","0"}]}.
{3349193481,"Host_3349193481",0.5,0.4995,[{"9e","2"},{"By","4"},{"GK","Fv"},{"Ql","2"},{"nZ","2"},{"rs","Kr"},{"w3","6"},{"wN","2"},{"o/","0"},{"P8","0"}]}.
{1436493757,"Host_1436493757",0.5,0.2493,[{"9e","2"},{"By","4"},{"GK","C7"},{"Ql","2"},{"nZ","2"},{"rs","Gl"},{"w3","4"},{"wN","2"},{"o/","0"},{"P8","0"}]}.
{317302934,"Host_317302934",0.5,0.749,[{"9e","2"},{"By","4"},{"GK","Or"},{"Ql","13"},{"nZ","2"},{"rs","6z"},{"w3","9"},{"wN","2"},{"o/","0"},{"P8","0"}]}.
{4304813643,"Host_4304813643",0.5,0.4995,[{"9e","2"},{"By","4"},{"GK","ff"},{"P8","1"},{"Ql","2"},{"nZ","2"},{"rs","LL"},{"w3","6"},{"o/","0"}]}.
{449615529,"Host_449615529",0.5,0.2493,[{"9e","2"},{"By","4"},{"GK","PL"},{"Ql","2"},{"nZ","2"},{"rs","Mz"},{"w3","4"},{"wN","2"},{"o/","0"},{"P8","0"}]}.
{1272216,"Host_1272216",0.5,0.4995,[{"9e","2"},{"By","4"},{"GK","Qv"},{"Ql","2"},{"nZ","2"},{"rs","ph"},{"w3","6"},{"wN","2"},{"o/","0"},{"P8","0"}]}.
{766862008,"Host_766862008",0.5,0.4995,[{"9e","2"},{"By","4"},{"GK","FV"},{"P8","1"},{"Ql","3"},{"nZ","2"},{"rs","N5"},{"w3","6"},{"o/","0"}]}.
{317497247,"Host_317497247",0.5,0.2493,[{"9e","2"},{"By","4"},{"GK","1b"},{"P8","1"},{"Ql","13"},{"nZ","2"},{"rs","Z9"},{"w3","4"},{"o/","0"}]}.
{4820140755,"Host_4820140755",1,1,[{"9e","1"},{"By","2"},{"GK","Nj"},{"P8","1"},{"Ql","15"},{"nZ","3"},{"rs","/e"},{"w3","11"},{"o/","0"}]}.
{32007935,"Host_32007935",0.5,0.2493,[{"9e","2"},{"By","4"},{"GK","Ve"},{"P8","1"},{"Ql","2"},{"nZ","2"},{"rs","lp"},{"w3","4"},{"o/","0"}]}.
{379068567,"Host_379068567",0.5,0.749,[{"9e","2"},{"By","4"},{"GK","Nm"},{"Ql","13"},{"nZ","2"},{"rs","Gv"},{"w3","9"},{"wN","2"},{"o/","0"},{"P8","0"}]}.
{905328,"Host_905328",0.5,0.4995,[{"9e","2"},{"By","4"},{"GK","++"},{"Ql","3"},{"nZ","2"},{"rs","nN"},{"w3","6"},{"wN","2"},{"o/","0"},{"P8","0"}]}.
{4820106854,"Host_4820106854",1,1,[{"9e","1"},{"By","2"},{"GK","Ea"},{"P8","1"},{"Ql","15"},{"nZ","3"},{"rs","DM"},{"w3","11"},{"o/","0"}]}.
{5780347,"Host_5780347",0.5,0.2493,[{"9e","2"},{"By","4"},{"GK","ET"},{"Ql","3"},{"nZ","2"},{"rs","53"},{"w3","4"},{"wN","2"},{"o/","0"},{"P8","0"}]}.
{317488611,"Host_317488611",0.5,0.749,[{"9e","2"},{"By","4"},{"GK","AQ"},{"Ql","13"},{"nZ","2"},{"rs","/y"},{"w3","9"},{"wN","2"},{"o/","0"},{"P8","0"}]}.
{6565002,"Host_6565002",0.5,0.4995,[{"9e","2"},{"By","4"},{"GK","KK"},{"P8","1"},{"Ql","3"},{"nZ","2"},{"rs","a3"},{"w3","6"},{"o/","0"}]}.
{3384423818,"Host_3384423818",0.5,0.4995,[{"9e","2"},{"By","4"},{"GK","TO"},{"Ql","11"},{"nZ","2"},{"rs","88"},{"w3","6"},{"wN","2"},{"o/","0"},{"P8","0"}]}.
{478267324,"Host_478267324",0.5,0.4995,[{"9e","2"},{"By","4"},{"GK","XC"},{"Ql","3"},{"nZ","2"},{"rs","v4"},{"w3","6"},{"wN","2"},{"o/","0"},{"P8","0"}]}.
{765670,"Host_765670",0.5,0.4995,[{"9e","2"},{"By","4"},{"GK","A1"},{"P8","1"},{"Ql","3"},{"nZ","2"},{"rs","1G"},{"w3","6"},{"o/","0"}]}.
{200461284,"Host_200461284",0.5,0.4995,[{"9e","2"},{"By","4"},{"GK","SV"},{"P8","1"},{"Ql","3"},{"nZ","2"},{"rs","Ml"},{"w3","6"},{"o/","0"}]}.
{711826,"Host_711826",0.5,0.4995,[{"9e","2"},{"By","4"},{"GK","jm"},{"P8","1"},{"Ql","3"},{"nZ","2"},{"rs","ts"},{"w3","6"},{"o/","0"}]}.
{1338595,"Host_1338595",0.5,0.4995,[{"9e","2"},{"By","4"},{"GK","pp"},{"Ql","3"},{"nZ","2"},{"rs","Zf"},{"w3","6"},{"wN","2"},{"o/","0"},{"P8","0"}]}.
{3337948963,"Host_3337948963",0.25,0.2498,[{"9e","3"},{"By","3"},{"GK","oL"},{"Ql","3"},{"nZ","1"},{"rs","jG"},{"w3","5"},{"wN","2"},{"o/","0"},{"P8","0"}]}.
{38682433,"Host_38682433",0.5,0.2493,[{"9e","2"},{"By","4"},{"GK","7U"},{"Ql","2"},{"nZ","2"},{"rs","+T"},{"w3","4"},{"wN","2"},{"o/","0"},{"P8","0"}]}.
{294771559,"Host_294771559",0.5,0.2493,[{"9e","2"},{"By","4"},{"GK","Jl"},{"P8","1"},{"Ql","3"},{"nZ","2"},{"rs","Ay"},{"w3","4"},{"o/","0"}]}.
{4134845605,"Host_4134845605",0.5,0.4995,[{"9e","2"},{"By","4"},{"GK","Wj"},{"P8","1"},{"Ql","13"},{"nZ","2"},{"rs","xw"},{"w3","6"},{"o/","0"}]}.
{200471163,"Host_200471163",0.5,0.4995,[{"9e","2"},{"By","4"},{"GK","Bf"},{"Ql","3"},{"nZ","2"},{"rs","kR"},{"w3","6"},{"wN","2"},{"o/","0"},{"P8","0"}]}.
{7111391,"Host_7111391",0.5,0.4995,[{"9e","2"},{"By","4"},{"GK","EO"},{"Ql","3"},{"nZ","2"},{"rs","IK"},{"w3","6"},{"wN","2"},{"o/","0"},{"P8","0"}]}.
{3877780324,"Host_3877780324",0.5,0.4995,[{"9e","2"},{"By","4"},{"GK","ob"},{"P8","1"},{"Ql","3"},{"nZ","2"},{"rs","0U"},{"w3","6"},{"o/","0"}]}.
{905636,"Host_905636",0.5,0.4995,[{"9e","2"},{"By","4"},{"GK","kA"},{"P8","1"},{"Ql","3"},{"nZ","2"},{"rs","JD"},{"w3","6"},{"o/","0"}]}.
{3983568629,"Host_3983568629",0.5,0.4995,[{"9e","2"},{"By","4"},{"GK","Du"},{"P8","1"},{"Ql","3"},{"nZ","2"},{"rs","Gt"},{"w3","6"},{"o/","0"}]}.
{1429598664,"Host_1429598664",0.5,0.4995,[{"9e","2"},{"By","4"},{"GK","OT"},{"Ql","3"},{"nZ","2"},{"rs","cs"},{"w3","6"},{"wN","2"},{"o/","0"},{"P8","0"}]}.
{4478827198,"Host_4478827198",0.5,0.4995,[{"9e","2"},{"By","4"},{"GK","I2"},{"Ql","3"},{"nZ","2"},{"rs","Sk"},{"w3","6"},{"wN","2"},{"o/","0"},{"P8","0"}]}.
{431035689,"Host_431035689",0.5,0.4995,[{"9e","2"},{"By","4"},{"GK","5r"},{"Ql","13"},{"nZ","2"},{"rs","id"},{"w3","6"},{"wN","2"},{"o/","0"},{"P8","0"}]}.
{257502329,"Host_257502329",0.5,0.749,[{"9e","2"},{"By","4"},{"GK","iE"},{"Ql","13"},{"nZ","2"},{"rs","9U"},{"w3","9"},{"wN","2"},{"o/","0"},{"P8","0"}]}.
{336095942,"Host_336095942",0.5,0.2493,[{"9e","2"},{"By","4"},{"GK","IV"},{"P8","1"},{"Ql","3"},{"nZ","2"},{"rs","M+"},{"w3","4"},{"o/","0"}]}.
{3453117765,"Host_3453117765",0.25,0.2498,[{"9e","3"},{"By","3"},{"GK","+i"},{"Ql","3"},{"nZ","1"},{"rs","mk"},{"w3","5"},{"wN","2"},{"o/","0"},{"P8","0"}]}.
{465916388,"Host_465916388",0.5,0.2493,[{"9e","2"},{"By","4"},{"GK","TY"},{"Ql","3"},{"nZ","2"},{"rs","Mp"},{"w3","4"},{"wN","2"},{"o/","0"},{"P8","0"}]}.
{216841516,"Host_216841516",0.5,0.4995,[{"9e","2"},{"By","4"},{"GK","Ms"},{"Ql","3"},{"nZ","2"},{"rs","eU"},{"w3","6"},{"wN","2"},{"o/","0"},{"P8","0"}]}.
{217833831,"Host_217833831",0.5,0.2493,[{"9e","2"},{"By","4"},{"GK","Xy"},{"P8","1"},{"Ql","3"},{"nZ","2"},{"rs","nX"},{"w3","4"},{"o/","0"}]}.
{257395978,"Host_257395978",0.5,0.749,[{"9e","2"},{"By","4"},{"GK","8Y"},{"P8","1"},{"Ql","13"},{"nZ","2"},{"rs","SF"},{"w3","9"},{"o/","0"}]}.
{295014033,"Host_295014033",0.5,0.2493,[{"9e","2"},{"By","4"},{"GK","lt"},{"P8","1"},{"Ql","3"},{"nZ","2"},{"rs","y7"},{"w3","4"},{"o/","0"}]}.
{17014373,"Host_17014373",0.5,0.4995,[{"9e","2"},{"By","4"},{"GK","Ji"},{"Ql","3"},{"nZ","2"},{"rs","Vd"},{"w3","6"},{"wN","2"},{"o/","0"},{"P8","0"}]}.
{63625914,"Host_63625914",0.5,0.2493,[{"9e","2"},{"By","4"},{"GK","fG"},{"P8","1"},{"Ql","2"},{"nZ","2"},{"rs","lp"},{"w3","4"},{"o/","0"}]}.
{257347091,"Host_257347091",0.5,0.749,[{"9e","2"},{"By","4"},{"GK","+t"},{"P8","1"},{"Ql","13"},{"nZ","2"},{"rs","yO"},{"w3","9"},{"o/","0"}]}.
{1094971,"Host_1094971",0.5,0.4995,[{"9e","2"},{"By","4"},{"GK","DQ"},{"Ql","3"},{"nZ","2"},{"rs","b6"},{"w3","6"},{"wN","2"},{"o/","0"},{"P8","0"}]}.
{381361,"Host_381361",0.5,0.2493,[{"9e","2"},{"By","4"},{"GK","cN"},{"P8","1"},{"Ql","3"},{"nZ","2"},{"rs","Kk"},{"w3","4"},{"o/","0"}]}.
{257504349,"Host_257504349",0.5,0.2493,[{"9e","2"},{"By","4"},{"GK","8o"},{"Ql","13"},{"nZ","2"},{"rs","yv"},{"w3","4"},{"wN","2"},{"o/","0"},{"P8","0"}]}.
{317807131,"Host_317807131",0.5,0.749,[{"9e","2"},{"By","4"},{"GK","Xq"},{"Ql","12"},{"nZ","2"},{"rs","CQ"},{"w3","9"},{"wN","2"},{"o/","0"},{"P8","0"}]}.
{336068339,"Host_336068339",0.5,0.2493,[{"9e","2"},{"By","4"},{"GK","QX"},{"Ql","3"},{"nZ","2"},{"rs","LF"},{"w3","4"},{"wN","2"},{"o/","0"},{"P8","0"}]}.
{1339785,"Host_1339785",0.5,0.4995,[{"9e","2"},{"By","4"},{"GK","Jr"},{"P8","1"},{"Ql","3"},{"nZ","2"},{"rs","ZN"},{"w3","6"},{"o/","0"}]}.
{4246069792,"Host_4246069792",0.5,0.4995,[{"9e","2"},{"By","4"},{"GK","aO"},{"Ql","13"},{"nZ","2"},{"rs","xT"},{"w3","6"},{"wN","2"},{"o/","0"},{"P8","0"}]}.
{288787213,"Host_288787213",0.5,0.2493,[{"9e","2"},{"By","4"},{"GK","v8"},{"P8","1"},{"Ql","3"},{"nZ","2"},{"rs","I3"},{"w3","4"},{"o/","0"}]}.
{5426762331,"Host_5426762331",1,1,[{"9e","1"},{"By","2"},{"GK","N6"},{"P8","1"},{"Ql","15"},{"nZ","3"},{"rs","OI"},{"w3","11"},{"o/","0"}]}.
{462198227,"Host_462198227",0.5,0.4995,[{"9e","2"},{"By","4"},{"GK","3p"},{"P8","1"},{"Ql","3"},{"nZ","2"},{"rs","eU"},{"w3","6"},{"o/","0"}]}.
{711630,"Host_711630",0.5,0.4995,[{"9e","2"},{"By","4"},{"GK","6Y"},{"P8","1"},{"Ql","3"},{"nZ","2"},{"rs","D7"},{"w3","6"},{"o/","0"}]}.
{567377,"Host_567377",0.5,0.4995,[{"9e","2"},{"By","4"},{"GK","lz"},{"P8","1"},{"Ql","3"},{"nZ","2"},{"rs","nN"},{"w3","6"},{"o/","0"}]}.
{1335648,"Host_1335648",0.5,0.4995,[{"9e","2"},{"By","4"},{"GK","c7"},{"Ql","3"},{"nZ","2"},{"rs","Wv"},{"w3","6"},{"wN","2"},{"o/","0"},{"P8","0"}]}.
{4802092023,"Host_4802092023",1,1,[{"9e","1"},{"By","2"},{"GK","++"},{"Ql","3"},{"nZ","3"},{"rs","gl"},{"w3","11"},{"wN","2"},{"o/","0"},{"P8","0"}]}.
{7753129,"Host_7753129",0.5,0.4995,[{"9e","2"},{"By","4"},{"GK","xO"},{"P8","1"},{"Ql","3"},{"nZ","2"},{"rs","Kk"},{"w3","6"},{"o/","0"}]}.
{1338903,"Host_1338903",0.5,0.4995,[{"9e","2"},{"By","4"},{"GK","Fo"},{"P8","1"},{"Ql","3"},{"nZ","2"},{"rs","Wc"},{"w3","6"},{"o/","0"}]}.
{97923391,"Host_97923391",0.5,0.4995,[{"9e","2"},{"By","4"},{"GK","Ac"},{"Ql","3"},{"nZ","2"},{"rs","7q"},{"w3","6"},{"wN","2"},{"o/","0"},{"P8","0"}]}.
{257395872,"Host_257395872",0.5,0.749,[{"9e","2"},{"By","4"},{"GK","w5"},{"Ql","13"},{"nZ","2"},{"rs","d7"},{"w3","9"},{"wN","2"},{"o/","0"},{"P8","0"}]}.
{1406452530,"Host_1406452530",0.5,0.2493,[{"9e","2"},{"By","4"},{"GK","nX"},{"Ql","12"},{"nZ","2"},{"rs","uR"},{"w3","4"},{"wN","2"},{"o/","0"},{"P8","0"}]}.
{609947221,"Host_609947221",0.5,0.4995,[{"9e","2"},{"By","4"},{"GK","iV"},{"Ql","13"},{"nZ","2"},{"rs","K5"},{"w3","6"},{"wN","2"},{"o/","0"},{"P8","0"}]}.
{2113656055,"Host_2113656055",0.5,0.4995,[{"9e","2"},{"By","4"},{"GK","2B"},{"P8","1"},{"Ql","13"},{"nZ","2"},{"rs","uL"},{"w3","6"},{"o/","0"}]}.
{6568140,"Host_6568140",0.5,0.4995,[{"9e","2"},{"By","4"},{"GK","no"},{"Ql","3"},{"nZ","2"},{"rs","a3"},{"w3","6"},{"wN","2"},{"o/","0"},{"P8","0"}]}.
{2596402168,"Host_2596402168",0.5,0.4995,[{"9e","2"},{"By","4"},{"GK","NR"},{"P8","1"},{"Ql","3"},{"nZ","2"},{"rs","MR"},{"w3","6"},{"o/","0"}]}.
{660272,"Host_660272",0.5,0.4995,[{"9e","2"},{"By","4"},{"GK","Ah"},{"Ql","3"},{"nZ","2"},{"rs","q6"},{"w3","6"},{"wN","2"},{"o/","0"},{"P8","0"}]}.
{1271479,"Host_1271479",0.5,0.4995,[{"9e","2"},{"By","4"},{"GK","6s"},{"P8","1"},{"Ql","2"},{"nZ","2"},{"rs","Q5"},{"w3","6"},{"o/","0"}]}.
{1469666859,"Host_1469666859",0.5,0.4995,[{"9e","2"},{"By","4"},{"GK","hT"},{"Ql","11"},{"nZ","2"},{"rs","xS"},{"w3","6"},{"wN","2"},{"o/","0"},{"P8","0"}]}.
{3814204779,"Host_3814204779",0.5,0.749,[{"9e","2"},{"By","4"},{"GK","iz"},{"Ql","13"},{"nZ","2"},{"rs","QZ"},{"w3","9"},{"wN","2"},{"o/","0"},{"P8","0"}]}.
{4550513046,"Host_4550513046",0.5,0.749,[{"9e","2"},{"By","4"},{"GK","DN"},{"P8","1"},{"Ql","13"},{"nZ","2"},{"rs","Yl"},{"w3","9"},{"o/","0"}]}.
{1760950962,"Host_1760950962",0.5,0.4995,[{"9e","2"},{"By","4"},{"GK","46"},{"Ql","3"},{"nZ","2"},{"rs","Vq"},{"w3","6"},{"wN","2"},{"o/","0"},{"P8","0"}]}.
{988136,"Host_988136",0.5,0.4995,[{"9e","2"},{"By","4"},{"GK","wr"},{"Ql","3"},{"nZ","2"},{"rs","Br"},{"w3","6"},{"wN","2"},{"o/","0"},{"P8","0"}]}.
{2887477273,"Host_2887477273",0.5,0.4995,[{"9e","2"},{"By","4"},{"GK","/f"},{"Ql","3"},{"nZ","2"},{"rs","Gt"},{"w3","6"},{"wN","2"},{"o/","0"},{"P8","0"}]}.
{294973444,"Host_294973444",0.5,0.2493,[{"9e","2"},{"By","4"},{"GK","a0"},{"P8","1"},{"Ql","3"},{"nZ","2"},{"rs","6f"},{"w3","4"},{"o/","0"}]}.
{4820094144,"Host_4820094144",1,1,[{"9e","1"},{"By","2"},{"GK","/t"},{"P8","1"},{"Ql","15"},{"nZ","3"},{"rs","yk"},{"w3","11"},{"o/","0"}]}.
{4820218016,"Host_4820218016",1,1,[{"9e","1"},{"By","2"},{"GK","pL"},{"P8","1"},{"Ql","15"},{"nZ","3"},{"rs","mm"},{"w3","11"},{"o/","0"}]}.
{336061587,"Host_336061587",0.5,0.2493,[{"9e","2"},{"By","4"},{"GK","ol"},{"P8","1"},{"Ql","3"},{"nZ","2"},{"rs","Xa"},{"w3","4"},{"o/","0"}]}.
{32061387,"Host_32061387",0.5,0.2493,[{"9e","2"},{"By","4"},{"GK","xl"},{"Ql","3"},{"nZ","2"},{"rs","Fh"},{"w3","4"},{"wN","2"},{"o/","0"},{"P8","0"}]}.
{1272899,"Host_1272899",0.5,0.4995,[{"9e","2"},{"By","4"},{"GK","K0"},{"P8","1"},{"Ql","3"},{"nZ","2"},{"rs","WA"},{"w3","6"},{"o/","0"}]}.
{3349150467,"Host_3349150467",0.5,0.4995,[{"9e","2"},{"By","4"},{"GK","Pf"},{"Ql","3"},{"nZ","2"},{"rs","i+"},{"w3","6"},{"wN","2"},{"o/","0"},{"P8","0"}]}.
{317495551,"Host_317495551",0.5,0.749,[{"9e","2"},{"By","4"},{"GK","VB"},{"Ql","13"},{"nZ","2"},{"rs","g7"},{"w3","9"},{"wN","2"},{"o/","0"},{"P8","0"}]}.
{351605900,"Host_351605900",0.5,0.4995,[{"9e","2"},{"By","4"},{"GK","1M"},{"Ql","13"},{"nZ","2"},{"rs","4b"},{"w3","6"},{"wN","2"},{"o/","0"},{"P8","0"}]}.
{903474,"Host_903474",0.5,0.4995,[{"9e","2"},{"By","4"},{"GK","gp"},{"Ql","3"},{"nZ","2"},{"rs","cS"},{"w3","6"},{"wN","2"},{"o/","0"},{"P8","0"}]}.
{672514,"Host_672514",0.5,0.4995,[{"9e","2"},{"By","4"},{"GK","Lq"},{"Ql","3"},{"nZ","2"},{"rs","Up"},{"w3","6"},{"wN","2"},{"o/","0"},{"P8","0"}]}.
{904510,"Host_904510",0.5,0.4995,[{"9e","2"},{"By","4"},{"GK","lS"},{"P8","1"},{"Ql","3"},{"nZ","2"},{"rs","Um"},{"w3","6"},{"o/","0"}]}.
{1270933,"Host_1270933",0.5,0.4995,[{"9e","2"},{"By","4"},{"GK","qf"},{"Ql","3"},{"nZ","2"},{"rs","8J"},{"w3","6"},{"wN","2"},{"o/","0"},{"P8","0"}]}.
{539356093,"Host_539356093",0.5,0.2493,[{"9e","2"},{"By","4"},{"GK","14"},{"Ql","3"},{"nZ","2"},{"rs","zS"},{"w3","4"},{"wN","2"},{"o/","0"},{"P8","0"}]}.
{294771493,"Host_294771493",0.5,0.2493,[{"9e","2"},{"By","4"},{"GK","Y0"},{"Ql","3"},{"nZ","2"},{"rs","Ay"},{"w3","4"},{"wN","2"},{"o/","0"},{"P8","0"}]}.
{1439653837,"Host_1439653837",0.5,0.2493,[{"9e","2"},{"By","4"},{"GK","rO"},{"P8","1"},{"Ql","3"},{"nZ","2"},{"rs","zS"},{"w3","4"},{"o/","0"}]}.
{3739590710,"Host_3739590710",0.5,0.4995,[{"9e","2"},{"By","4"},{"GK","3d"},{"P8","1"},{"Ql","3"},{"nZ","2"},{"rs","Ml"},{"w3","6"},{"o/","0"}]}.
{4820060364,"Host_4820060364",1,1,[{"9e","1"},{"By","2"},{"GK","dU"},{"P8","1"},{"Ql","15"},{"nZ","3"},{"rs","7L"},{"w3","11"},{"o/","0"}]}.
{82814637,"Host_82814637",0.5,0.2493,[{"9e","2"},{"By","4"},{"GK","yw"},{"Ql","2"},{"nZ","2"},{"rs","zS"},{"w3","4"},{"wN","2"},{"o/","0"},{"P8","0"}]}.
{294986868,"Host_294986868",0.5,0.2493,[{"9e","2"},{"By","4"},{"GK","f7"},{"Ql","3"},{"nZ","2"},{"rs","E9"},{"w3","4"},{"wN","2"},{"o/","0"},{"P8","0"}]}.
{2096665762,"Host_2096665762",0.5,0.4995,[{"9e","2"},{"By","4"},{"GK","mI"},{"P8","1"},{"Ql","3"},{"nZ","2"},{"rs","HO"},{"w3","6"},{"o/","0"}]}.
{351651827,"Host_351651827",0.5,0.4995,[{"9e","2"},{"By","4"},{"GK","v9"},{"Ql","13"},{"nZ","2"},{"rs","NH"},{"w3","6"},{"wN","2"},{"o/","0"},{"P8","0"}]}.
{381126,"Host_381126",0.5,0.4995,[{"9e","2"},{"By","4"},{"GK","D/"},{"Ql","3"},{"nZ","2"},{"rs","Kk"},{"w3","6"},{"wN","2"},{"o/","0"},{"P8","0"}]}.
{431035686,"Host_431035686",0.5,0.2493,[{"9e","2"},{"By","4"},{"GK","Y3"},{"P8","1"},{"Ql","3"},{"nZ","2"},{"rs","xE"},{"w3","4"},{"o/","0"}]}.
{1272058,"Host_1272058",0.5,0.4995,[{"9e","2"},{"By","4"},{"GK","Za"},{"Ql","3"},{"nZ","2"},{"rs","IK"},{"w3","6"},{"wN","2"},{"o/","0"},{"P8","0"}]}.
{1273937,"Host_1273937",0.5,0.4995,[{"9e","2"},{"By","4"},{"GK","/H"},{"P8","1"},{"Ql","3"},{"nZ","2"},{"rs","WA"},{"w3","6"},{"o/","0"}]}.
{1436299449,"Host_1436299449",0.5,0.2493,[{"9e","2"},{"By","4"},{"GK","Wi"},{"Ql","3"},{"nZ","2"},{"rs","si"},{"w3","4"},{"wN","2"},{"o/","0"},{"P8","0"}]}.
{30789401,"Host_30789401",0.5,0.2493,[{"9e","2"},{"By","4"},{"GK","+F"},{"Ql","2"},{"nZ","2"},{"rs","MD"},{"w3","4"},{"wN","2"},{"o/","0"},{"P8","0"}]}.
{294847190,"Host_294847190",0.5,0.2493,[{"9e","2"},{"By","4"},{"GK","6z"},{"Ql","3"},{"nZ","2"},{"rs","8+"},{"w3","4"},{"wN","2"},{"o/","0"},{"P8","0"}]}.
{294862398,"Host_294862398",0.5,0.2493,[{"9e","2"},{"By","4"},{"GK","1t"},{"Ql","3"},{"nZ","2"},{"rs","y7"},{"w3","4"},{"wN","2"},{"o/","0"},{"P8","0"}]}.
{4304842826,"Host_4304842826",0.5,0.4995,[{"9e","2"},{"By","4"},{"GK","7t"},{"P8","1"},{"Ql","2"},{"nZ","2"},{"rs","gP"},{"w3","6"},{"o/","0"}]}.
{3539653102,"Host_3539653102",0.5,0.4995,[{"9e","2"},{"By","4"},{"GK","BZ"},{"Ql","13"},{"nZ","2"},{"rs","nF"},{"w3","6"},{"wN","2"},{"o/","0"},{"P8","0"}]}.
{1303660,"Host_1303660",0.5,0.4995,[{"9e","2"},{"By","4"},{"GK","wg"},{"P8","1"},{"Ql","3"},{"nZ","2"},{"rs","VF"},{"w3","6"},{"o/","0"}]}.
{288799468,"Host_288799468",0.5,0.2493,[{"9e","2"},{"By","4"},{"GK","Sr"},{"P8","1"},{"Ql","3"},{"nZ","2"},{"rs","OE"},{"w3","4"},{"o/","0"}]}.
{67,"Host_67",0.5,0.2493,[{"9e","2"},{"By","4"},{"GK","Yl"},{"Ql","3"},{"nZ","2"},{"rs","aq"},{"w3","4"},{"wN","2"},{"o/","0"},{"P8","0"}]}.
{336023573,"Host_336023573",0.5,0.2493,[{"9e","2"},{"By","4"},{"GK","Rm"},{"P8","1"},{"Ql","3"},{"nZ","2"},{"rs","JP"},{"w3","4"},{"o/","0"}]}.
{73,"Host_73",0.5,0.2493,[{"9e","2"},{"By","4"},{"GK","kV"},{"Ql","2"},{"nZ","2"},{"rs","+O"},{"w3","4"},{"wN","2"},{"o/","0"},{"P8","0"}]}.
{4820247043,"Host_4820247043",1,1,[{"9e","1"},{"By","2"},{"GK","Cv"},{"P8","1"},{"Ql","15"},{"nZ","3"},{"rs","/e"},{"w3","11"},{"o/","0"}]}.
{4820793366,"Host_4820793366",1,1,[{"9e","1"},{"By","2"},{"GK","gz"},{"P8","1"},{"Ql","15"},{"nZ","3"},{"rs","oV"},{"w3","11"},{"o/","0"}]}.
{1390983185,"Host_1390983185",0.25,0.2498,[{"9e","3"},{"By","3"},{"GK","Z1"},{"Ql","13"},{"nZ","1"},{"rs","F0"},{"w3","5"},{"wN","2"},{"o/","0"},{"P8","0"}]}.
{3853067458,"Host_3853067458",0.5,0.4995,[{"9e","2"},{"By","4"},{"GK","ST"},{"P8","1"},{"Ql","13"},{"nZ","2"},{"rs","Ur"},{"w3","6"},{"o/","0"}]}.
{2643620581,"Host_2643620581",0.5,0.4995,[{"9e","2"},{"By","4"},{"GK","ca"},{"Ql","2"},{"nZ","2"},{"rs","de"},{"w3","6"},{"wN","2"},{"o/","0"},{"P8","0"}]}.
{317302891,"Host_317302891",0.5,0.749,[{"9e","2"},{"By","4"},{"GK","uX"},{"Ql","13"},{"nZ","2"},{"rs","6z"},{"w3","9"},{"wN","2"},{"o/","0"},{"P8","0"}]}.
{336055251,"Host_336055251",0.5,0.2493,[{"9e","2"},{"By","4"},{"GK","dq"},{"Ql","3"},{"nZ","2"},{"rs","OF"},{"w3","4"},{"wN","2"},{"o/","0"},{"P8","0"}]}.
{31031758,"Host_31031758",0.5,0.2493,[{"9e","2"},{"By","4"},{"GK","zV"},{"Ql","2"},{"nZ","2"},{"rs","Gk"},{"w3","4"},{"wN","2"},{"o/","0"},{"P8","0"}]}.
{38680139,"Host_38680139",0.5,0.2493,[{"9e","2"},{"By","4"},{"GK","G6"},{"Ql","2"},{"nZ","2"},{"rs","+T"},{"w3","4"},{"wN","2"},{"o/","0"},{"P8","0"}]}.
{294772026,"Host_294772026",0.5,0.2493,[{"9e","2"},{"By","4"},{"GK","dL"},{"P8","1"},{"Ql","3"},{"nZ","2"},{"rs","Ay"},{"w3","4"},{"o/","0"}]}.
{6565512,"Host_6565512",0.5,0.4995,[{"9e","2"},{"By","4"},{"GK","Tj"},{"Ql","3"},{"nZ","2"},{"rs","B7"},{"w3","6"},{"wN","2"},{"o/","0"},{"P8","0"}]}.
{4820233297,"Host_4820233297",1,1,[{"9e","1"},{"By","2"},{"GK","Ut"},{"P8","1"},{"Ql","15"},{"nZ","3"},{"rs","/e"},{"w3","11"},{"o/","0"}]}.
{418583,"Host_418583",0.5,0.4995,[{"9e","2"},{"By","4"},{"GK","dA"},{"P8","1"},{"Ql","3"},{"nZ","2"},{"rs","OB"},{"w3","6"},{"o/","0"}]}.
{1095269,"Host_1095269",0.5,0.2493,[{"9e","2"},{"By","4"},{"GK","ru"},{"Ql","3"},{"nZ","2"},{"rs","Hy"},{"w3","4"},{"wN","2"},{"o/","0"},{"P8","0"}]}.
{4478549581,"Host_4478549581",0.5,0.4995,[{"9e","2"},{"By","4"},{"GK","NI"},{"P8","1"},{"Ql","3"},{"nZ","2"},{"rs","Sk"},{"w3","6"},{"o/","0"}]}.
{400468862,"Host_400468862",0.5,0.2493,[{"9e","2"},{"By","4"},{"GK","BP"},{"Ql","3"},{"nZ","2"},{"rs","yK"},{"w3","4"},{"wN","2"},{"o/","0"},{"P8","0"}]}.
{3242448474,"Host_3242448474",0.5,0.4995,[{"9e","2"},{"By","4"},{"GK","wd"},{"P8","1"},{"Ql","13"},{"nZ","2"},{"rs","NH"},{"w3","6"},{"o/","0"}]}.
{317488580,"Host_317488580",0.5,0.749,[{"9e","2"},{"By","4"},{"GK","Em"},{"P8","1"},{"Ql","13"},{"nZ","2"},{"rs","F2"},{"w3","9"},{"o/","0"}]}.
{5780326,"Host_5780326",0.5,0.2493,[{"9e","2"},{"By","4"},{"GK","JT"},{"Ql","3"},{"nZ","2"},{"rs","53"},{"w3","4"},{"wN","2"},{"o/","0"},{"P8","0"}]}.
{635668502,"Host_635668502",0.5,0.749,[{"9e","2"},{"By","4"},{"GK","Hb"},{"P8","1"},{"Ql","13"},{"nZ","2"},{"rs","yO"},{"w3","9"},{"o/","0"}]}.
{6640629,"Host_6640629",0.5,0.4995,[{"9e","2"},{"By","4"},{"GK","43"},{"P8","1"},{"Ql","3"},{"nZ","2"},{"rs","bK"},{"w3","6"},{"o/","0"}]}.
{17627159,"Host_17627159",0.5,0.4995,[{"9e","2"},{"By","4"},{"GK","HI"},{"Ql","3"},{"nZ","2"},{"rs","E4"},{"w3","6"},{"wN","2"},{"o/","0"},{"P8","0"}]}.
{1270372,"Host_1270372",0.5,0.4995,[{"9e","2"},{"By","4"},{"GK","s1"},{"Ql","2"},{"nZ","2"},{"rs","ph"},{"w3","6"},{"wN","2"},{"o/","0"},{"P8","0"}]}.
{4802910981,"Host_4802910981",1,1,[{"9e","1"},{"By","2"},{"GK","VC"},{"Ql","3"},{"nZ","3"},{"rs","DN"},{"w3","11"},{"wN","2"},{"o/","0"},{"P8","0"}]}.
{4302770815,"Host_4302770815",0.5,0.4995,[{"9e","2"},{"By","4"},{"GK","Iw"},{"P8","1"},{"Ql","2"},{"nZ","2"},{"rs","LL"},{"w3","6"},{"o/","0"}]}.
{1332254,"Host_1332254",0.5,0.4995,[{"9e","2"},{"By","4"},{"GK","k8"},{"Ql","3"},{"nZ","2"},{"rs","Lf"},{"w3","6"},{"wN","2"},{"o/","0"},{"P8","0"}]}.
